disc,link,state,inst,prgm,dept,admin,geog_name,geog_dept,AA,ASc,BS,BA,MS,MA,PhD,Associates Degree in Geography/Geographic Sciences and another subject,Bachelors Degree in Geography/Geographic Sciences and another subject,Masters Degree in Geography and another subject,PhD Degree in Geography and another subject,Notes,UGrad Concentrations
"Applied Geography Biogeography Cartography Climatology/Meteorology Conservation, Land Use, Resource Management Cultural Ecology Economic Development Environmental Studies Geomorphology GIS GIS Certificate Program Hazards Location Theory Physical Geography/General Planning (Regional/Urban) Political Ecology Quantitative Methods Remote Sensing Transportation and Communication Water Resources",https://geography.ua.edu/,AL,University of Alabama,,Department of Geography,College of Arts and Sciences,x,x,,,x,x,x,,x,,,,,,"Earth System Science
Regional, Urban, and Environmental Planning
Geographic Information Science (GIS)"
"Applied Geography Biogeography Cartography Climatology/Meteorology Conservation, Land Use, Resource Management Economic Development Economic Geography Energy Environmental Studies Geographic Education Geographic Thought Geomorphology GIS GIS Certificate Program Hazards Location Theory Physical Geography/General Planning (Regional/Urban) Political Geography Population Geography Quantitative Methods Remote Sensing Urban Geography Water Resources",http://www.auburn.edu/academic/cosam/departments/geosciences/academics/index.htm,AL,Auburn University,,Department of Geosciences,College of Science and Mathematics,,,,,,x,x,,,,,,,,
"Agricultural Geography Applied Geography Biogeography Cartography Climatology/Meteorology Conservation, Land Use, Resource Management Cultural Ecology Cultural Geography Distance/Online Degree Program Economic Development Economic Geography Energy Environmental Studies Geographic Education Geographic Thought Geomorphology GIS GIS Certificate Program Hazards Historical Geography Location Theory Physical Geography/General Planning (Regional/Urban) Political Ecology Political Geography Population Geography Quantitative Methods Regional Development Recreation and Tourism Remote Sensing Rural Geography Social Geography Transportation and Communication Urban Geography",https://www.una.edu/geography/Undergrad/geography-major/index.html,AL,University of North Alabama,,Department of Geography,"College of Arts, Sciences, and Engineering",x,x,,,x,x,,,,,,,,GIS MS,
,https://www.uaf.edu/geosciences/academics/geography/index.php,AK ,University of Alaska Fairbanks,,Department of Geosciences ,"
College of Natural Science and Mathematics",,,,,x,x,x,x,x,,,,,,"Landscape Analysis & Climate Change Studies, environmental studies, geospatial sciences"
"Applied Geography Climatology/Meteorology Conservation, Land Use, Resource Management Cultural Geography Distance/Online Degree Program Economic Development Economic Geography Energy Geographic Thought Geomorphology GIS GIS Certificate Program Hazards Location Theory Physical Geography/General Planning (Regional/Urban) Quantitative Methods Remote Sensing Transportation and Communication Urban Geography Water Resources",https://sgsup.asu.edu/degree-programs/undergraduate-degrees,AZ,Arizona State University,,,The College of Liberal Arts and Sciences,,,,,x,x,,x,x,,,,,GIS MS,
Biogeography Cartography Cultural Geography Distance/Online Degree Program Economic Geography Energy Environmental Studies Gender Geographic Education GIS GIS Certificate Program Physical Geography/General Planning (Regional/Urban) Political Ecology Political Geography Population Geography Quantitative Methods Regional Development Remote Sensing Rural Geography Social Geography Transportation and Communication Urban Geography Water Resources,https://geography.arizona.edu/undergraduate-overview,AZ,University of Arizona,,"Department of Geography, Planning, and Recreation",College of Social and Behavioral Sciences,x,,,,x,x,,x,x,,,,,GIS MS,"Environmental Studies BA, Food Studies BA, BS Urban and Regional Devel, BS GIS, unspecialized BS and BA"
,https://nau.edu/gpr/home/geography-planning-programs/,AZ,Northern Arizona University,,,College of Social and Behavioral Sciences,x,,,,x,,,,,,x,,,BS Geographic Science and Community Planning,
,https://www.mesacc.edu/departments/cultural-science/geography,AZ,Mesa Community College,,Department of Cultural Science,,,,x,x,,,,,,,,,,,
Cartography Climatology/Meteorology GIS GIS Certificate Program Hazards Political Geography Remote Sensing Urban Geography,https://fulbright.uark.edu/departments/geosciences/,AR,"University of Arkansas, Fayetteville",,Department of Geosciences,Fulbright College of Arts and Sciences,,,,,,x,x,,,,,,, ,
Applied Geography Biogeography Climatology/Meteorology Cultural Geography Distance/Online Degree Program Environmental Studies Gender GIS GIS Certificate Program Political Ecology Political Geography,https://catalog.humboldt.edu/preview_program.php?catoid=5&poid=1174,CA,Humboldt State University,,"Department of Geography, Environment and Spatial Analysis","College of Arts, Humanities and Social Sciences",x,,,,,x,,,,,,,, ,
"Cartography Conservation, Land Use, Resource Management GIS GIS Certificate Program Physical Geography/General Planning (Regional/Urban) Regional Development Transportation and Communication Urban Geography Water Resources",https://www.csuchico.edu/geop/programs/majors.shtml,CA,"California State University, Chico",,Department of Geography and Planning,College of Behavioral and Social Sciences,x,,,,x,x,,,,,,,,,
"Applied Geography Biogeography Climatology/Meteorology Conservation, Land Use, Resource Management Cultural Ecology Cultural Geography Energy Environmental Studies Geomorphology GIS Hazards Physical Geography/General Planning (Regional/Urban) Political Ecology Political Geography Quantitative Methods Remote Sensing Social Geography Transportation and Communication Urban Geography Water Resources",http://gep.sonoma.edu/,CA,Sonoma State University,,"Department of Geography, Environment, and Planning",School of Social Sciences,x,,,,x,x, ,,,,x,,,"BS Environmental Science, Geography and Management; Bachelor of Arts in Environmental Studies, Geography, and Planning",
"Agricultural Geography Applied Geography Biogeography Climatology/Meteorology Conservation, Land Use, Resource Management Cultural Geography Economic Geography Environmental Studies Gender GIS Historical Geography Medical Geography Physical Geography/General Political Ecology Political Geography Quantitative Methods Regional Development Remote Sensing Rural Geography Social Geography Transportation and Communication Urban Geography Water Resources",https://geography.ucdavis.edu/,CA,"University of California, Davis",,Department of Human Ecology,College of Agricultural and Environmental Sciences,,,,,,,,x,x,,,,,,
Applied Geography Biogeography Cartography Climatology/Meteorology Cultural Geography Geographic Education Geographic Thought GIS Physical Geography/General Planning (Regional/Urban) Political Geography Population Geography Quantitative Methods Remote Sensing Rural Geography Social Geography Transportation and Communication Urban Geography,https://www.csus.edu/college/natural-sciences-mathematics/geography/,CA,"California State University, Sacramento ",,Department of Geography,College of Natural Sciences and Mathematics,x,x,,,,x,,,,,,,, ,"BA in Geography (Geographic Information Systems and Analysis)

BA in Geography (Human Geography)

BA in Geography (Metropolitan Area Planning)

BA in Geography (Physical Geography)

"
Climatology/Meteorology Cultural Geography Environmental Studies GIS GIS Certification Program Physical Geography/General,https://crc.losrios.edu/academics/programs-and-majors/geography,CA,Cosumnes River College,Geography,,"Science, Engineering, and Math Community",,,x,x,,,,,,,,,,,
"Biogeography Cartography Climatology/Meteorology Conservation, Land Use, Resource Management Cultural Geography Economic Development Economic Geography Environmental Studies Gender Geographic Thought Geomorphology GIS Physical Geography/General Political Ecology Political Geography Quantitative Methods Remote Sensing Rural Geography Social Geography Urban Geography Water Resources",https://geography.berkeley.edu/our-department,CA,"University of California, Berkeley",,Department of Geography,College of Letters and Science ,x,x,,,,x,,,x,,,,,,
"Agricultural Geography Applied Geography Biogeography Cartography Climatology/Meteorology Conservation, Land Use, Resource Management Cultural Geography Economic Geography Environmental Studies Gender Geographic Thought Geomorphology GIS GIS Certificate Program Hazards Historical Geography Medical Geography Physical Geography/General Planning (Regional/Urban) Political Geography Quantitative Methods Remote Sensing Social Geography Transportation and Communication Urban Geography Water Resources",https://geog.sfsu.edu/,CA,San Francisco State University,,Department of Geography and Environment,College of Science and Engineering,x,,,,,x,,x,,,,,,MS GIS,
"Agricultural Geography Applied Geography Biogeography Climatology/Meteorology Conservation, Land Use, Resource Management Cultural Ecology Cultural Geography Distance/Online Degree Program Economic Geography Energy Environmental Studies Geographic Education Geographic Thought Geomorphology Hazards Physical Geography/General Population Geography Quantitative Methods Recreation and Tourism Social Geography Urban Geography Water Resources",https://laney.edu/instruction/degrees-certificates-laney-college/,CA,Laney College,,Department of Human and Physical Sciences,,,,x,,,,,,,,,,,,
"Applied Geography Cartography Conservation, Land Use, Resource Management Cultural Geography Distance/Online Degree Program Economic Development Economic Geography Energy Environmental Studies Gender Geographic Education Geographic Thought GIS GIS Certificate Program Hazards Historical Geography Medical Geography Physical Geography/General Planning (Regional/Urban) Political Geography Population Geography Quantitative Methods Regional Development Recreation and Tourism Remote Sensing Rural Geography Social Geography Transportation and Communication Urban Geography Water Resources",https://www.sjsu.edu/urbanplanning/,CA,San Jose State University,,Department of Urban and Regional Planning,College of Social Sciences,,,,,,x,,x,,,,,,,
,https://catalog.csueastbay.edu/preview_entity.php?catoid=19&ent_oid=1689&returnto=12552,CA,"California State University, East Bay",,"Department of Anthropology, Geography and Environmental Studies","College of Letters, Arts, and Social Sciences",x,,,,x,,,,,,,,,,"Geography, B.S.: Regions and Cultures Concentration
Geography, B.S.: Resources and Sustainability Concentration
Geography, B.S.: Spatial Techniques Concentration"
,,CA,Cabrillo College,,Department of Geography,Human Arts and Social Sciences Division,x,,x,,,,,,,,,,,,
,https://www.mjc.edu/instruction/bbss/,CA,Modesto Junior College,Geography,,"Business, Behavioral, and Social Sciences Division",,,x,,,,,,,,,,,,
,http://www.laspositascollege.edu/geography/index.php,CA,Las Positas College,Geography,,"Science, Technology, Engineering and Math Community",,,x,,,,,,,,,,,,
"Applied Geography Conservation, Land Use, Resource Management Environmental Studies GIS","www.csustan.edu/geography/

",CA,"California State University, Stanislaus",,"Department of Geography and Environmental Resources
","College of the Arts, Humanities and Social Sciences",x,,,,x,,,,,,x,,,BS Geography & Environmental Resources,
,http://www.fresnostate.edu/socialsciences/geography/,CA,"California State University, Fresno",,Department of Geography and City and Regional Planning,College of Social Sciences,x,,,,,,,,,,,,,,
"Agricultural Geography Biogeography Cartography Climatology/Meteorology Conservation, Land Use, Resource Management Cultural Geography Economic Development Economic Geography Energy Environmental Studies Geographic Thought Geomorphology GIS Location Theory Physical Geography/General Planning (Regional/Urban) Political Geography Population Geography Quantitative Methods Regional Development Remote Sensing Rural Geography Social Geography Transportation and Communication Urban Geography Water Resources",https://www.geog.ucsb.edu/,CA,"University of California, Santa Barbara",,Department of Geography,College of Letters and Science,x,x,,,x,x,,x,x,,,,,,
Applied Geography Cartography Climatology/Meteorology Cultural Geography Environmental Studies Geographic Education Geomorphology GIS Medical Geography Physical Geography/General Population Geography Remote Sensing Water Resources,https://www.csun.edu/social-behavioral-sciences/geography-environmental-studies,CA,"California State University, Northridge",,Department of Geography and Enviromental Studies,College of Social and Behavioral Sciences,x,,,,,x,,x,,,,,,,
,http://www.piercecollege.edu/departments/anthropology_geography/,CA,Los Angeles Pierce College,,Department of Anthropological and Geographical Sciences,School of Social Sciences and Community,x,,x,,,,,,,,,,,,
,https://lavc.edu/earthScience/Index.html,CA,Los Angeles Valley College,,Department of Earth Sciences,,,,x,,,,,,,,,,,,
"Agricultural Geography Applied Geography Biogeography Climatology/Meteorology Conservation, Land Use, Resource Management Cultural Ecology Cultural Geography Distance/Online Degree Program Economic Development Economic Geography Environmental Studies Gender Geographic Education Geographic Thought Geomorphology GIS GIS Certificate Program Hazards Historical Geography Location Theory Medical Geography Physical Geography/General Planning (Regional/Urban) Political Ecology Political Geography Population Geography Quantitative Methods Regional Development Remote Sensing Rural Geography Social Geography Transportation and Communication Urban Geography Water Resources",https://geog.ucla.edu/,CA,"University of California, Los Angeles",,Department of Geography,College of Social Sciences,x,x,,,,x,,x,x,,x,,,BA Geography and EnvironÂ­mental Studies,
,http://www.wlac.edu/Science/Geography.aspx,CA,West Los Angeles College,Geography,,Science Division,,,,x,,,,,,,,,,,
Applied Geography Biogeography Cartography Cultural Geography Distance/Online Degree Program GIS GIS Certification Program,https://pasadena.edu/academics/divisions/natural-sciences/areas-of-study/geography.php,CA,Pasadena City College,Geography,,Natural Sciences Division,,,x,,,,,,,,,,,,
,https://www.calstatela.edu/academic/geos,CA,"California State University, Los Angeles",,Department of Geosciences and Environment,College of Natural and Social Sciences,,,,,,x,,x,,,,,,,
Cultural Geography  Environmental Studies  Physical Geography/General  Urban Geography,"https://www.elac.edu/Academics/Departments/Anthropology,-Geography,-Geology",CA,East Los Angeles College,,"Department of Anthropology, Geography, Geology",,x,,x,,,,,,,,,,,,
,https://www.csudh.edu/university-catalog/2015-16/geography/,CA,"California State University, Dominguez Hills",,Department of Earth Science and Geography,College of Natural and Behavioral Sciences,x,,,,,x,,,,,,,,,
Climatology/Meteorology Cultural Geography Economic Geography GIS Physical Geography/General,https://www.lbcc.edu/program-geography,CA,Long Beach City College,,Department of Social Sciences,,,,x,,,,,,,,,,,,
"Biogeography  Cartography  Climatology/Meteorology  Conservation, Land Use, Resource Management  Cultural Ecology  Cultural Geography  Economic Geography  Environmental Studies  Gender  Geographic Education  Geographic Thought  Geomorphology  GIS  Historical Geography  Physical Geography/General  Planning (Regional/Urban)  Political Ecology  Political Geography  Quantitative Methods  Remote Sensing  Social Geography  Urban Geography  Water Resources",https://cla.csulb.edu/departments/geography/,CA,"California State University, Long Beach",,Department of Geography,College of Liberal Arts,x,x,,,,x,,x,,,,,,gis ms,"Environmental and Physical Geography
Geospatial Science
Human Geography and Urban Studies
Global Studies"
,https://socsci.fullcoll.edu/geography/,CA,Fullerton College,,Department of Geography,Social Science Division,x,x,x,,,,,,,,,,,,
,http://geography.fullerton.edu/,CA,"California State University, Fullerton",,Department of Geography and the Environment,College of Humanities and Social Sciences,x,,,,,,,,,,,,,,
Applied Geography Climatology/Meteorology Cultural Geography Geographic Education GIS Physical Geography/General,https://prod.orangecoastcollege.edu/academics/social-behavioral/index.html,CA,Orange Coast College,,Department of Geography,School of Social and Behavioral Sciences,x,x,x,,,x,,,,,,,,,
"Agricultural Geography Applied Geography Biogeography Cartography Climatology/Meteorology Conservation, Land Use, Resource Management Cultural Geography Economic Development Economic Geography Environmental Studies Gender Geographic Thought GIS Historical Geography Physical Geography/General Planning (Regional/Urban) Regional Development Recreation and Tourism Remote Sensing Rural Geography Urban Geography Water Resources",https://www.cpp.edu/class/geography-anthropology/degree-programs/geography.shtml,CA,"California State Polytechnic University, Pomona",,Department of Geography and Anthropology,"College of Letters, Arts, and Social Sciences",x,,,,x,,,,,,,,,,
,https://www.chaffey.edu/acc/pcs/pcs-academic/geography.php,CA,Chaffey College,,Department of Geography,"Public Service, Culture and Society Community",x,x,x,,,,,,,,,,,,
,https://www.valleycollege.edu/academic-career-programs/degrees-certificates/geography/,CA,San Bernardino Valley College,,Department of Geography,,x,x,x,x,,,,,,,,,,,
,https://www.craftonhills.edu/academic-and-career-programs/divs-and-depts/social-info-and-natural-sciences/physical-and-biological-sciences/geography/,CA,Crafton Hills College,Geography,,Physical and Biological Sciences Division,,,x,x,,,,,,,,,,,
,https://www.msjc.edu/geographyandgis/index.html,CA,Mount San Jacinto College,Geography and Geographic Information Science, ,"People, Culture and Public Service Pathway ",,,x,,,,,,,,,,,,
,http://catalog.collegeofthedesert.edu/programs/social-sciences/aa-geography-transfer/,CA,College of the Desert,,Department of Social Sciences,School of Social Sciences and Art,,,x,,,,,,,,,,,,
"Agricultural Geography Applied Geography Biogeography Climatology/Meteorology Conservation, Land Use, Resource Management Cultural Geography Economic Geography Environmental Studies Geographic Education GIS GIS Certificate Program Physical Geography/General Planning (Regional/Urban) Political Ecology Political Geography Quantitative Methods Regional Development Remote Sensing Water Resources",https://www.csusm.edu/geography/index.html,CA,"California State University, San Marcos",,Department of Liberal Studies,"College of Humanities, Arts, Behavioral and Social Sciences ",,,,,,x,,,,,,,,,
Cartography Climatology/Meteorology Cultural Geography Environmental Studies Geographic Education GIS GIS Certificate Program Hazards Physical Geography/General Remote Sensing,https://www2.palomar.edu/pages/geography/geography-degree/,CA,Palomar College,,"Department of Earth, Space, and Environmental Sciences",,,,x,,,,,,,,,,,,
,https://www.sdmesa.edu/academics/schools-departments/geography/certificates-degrees.shtml,CA,San Diego Mesa College,,Department of Social Sciences,,,,x,,,,,,,,,,,,
"Applied Geography Biogeography Cartography Climatology/Meteorology Conservation, Land Use, Resource Management Cultural Ecology Cultural Geography Environmental Studies Geographic Education GIS GIS Certificate Program Physical Geography/General Planning (Regional/Urban) Quantitative Methods Remote Sensing Urban Geography Water Resources",https://geography.sdsu.edu/,CA,San Diego State University,,Department of Geography,College of Arts and Letters,x,x,,,,x,x,x,x,,,,,,
,https://www.swccd.edu/programs-and-academics/programs/geography.aspx,CA,Southwestern College,Geography,,"Science, Technology, Engineering and Mathematics Division",,,x,,,,,,,,,,,,
"Applied Geography Biogeography Cartography Climatology/Meteorology Conservation, Land Use, Resource Management Cultural Geography Economic Development Gender GIS Hazards Physical Geography/General Political Ecology Political Geography Remote Sensing",https://catalog.colostate.edu/general-catalog/colleges/liberal-arts/anthropology-geography/geography-major/,CO,Colorado State University,,Department of Anthropology and Geography,College of Liberal Arts,x,,,,,x,,,,,,,,,
Applied Geography Climatology/Meteorology Cultural Geography Environmental Studies GIS GIS Certificate Program Physical Geography/General,https://www.frontrange.edu/programs-and-courses/academic-programs/cacs/social-science-education-public-service,CO,Front Range Community College,,"Department of Social Science (Boulder County Campus), Department of Social and Behavioral Sciences (Larimer Campus), Department of Science and Technology (Westminster Campus)","Social Science, Education and Public Service Division",,,x,,,,,,,,,,,,
,https://www.aims.edu/academics/social-sciences/geography/,CO,Aims Community College,Geography,,,,,x,,,,,,,,,,,,
"Applied Geography Biogeography Cartography Conservation, Land Use, Resource Management Cultural Ecology Cultural Geography Economic Geography Energy Environmental Studies Geographic Education GIS GIS Certificate Program Physical Geography/General Planning (Regional/Urban) Political Geography Population Geography Quantitative Methods Regional Development Remote Sensing Rural Geography Social Geography Transportation and Communication Urban Geography Water Resources",https://www.unco.edu/hss/geography-gis-sustainability/,CO,University of Northern Colorado,,"Department of Geography, GIS, and Sustainability",College of Humanities and Social Sciences,x,,,,,x,,,,,,,,,
"Biogeography Cartography Climatology/Meteorology Conservation, Land Use, Resource Management Cultural Ecology Cultural Geography Economic Development Economic Geography Environmental Studies Gender Geographic Thought Geomorphology GIS GIS Certificate Program Hazards Medical Geography Physical Geography/General Political Ecology Political Geography Population Geography Quantitative Methods Regional Development Recreation and Tourism Remote Sensing Social Geography Urban Geography Water Resources",https://www.colorado.edu/geography/,CO,"University of Colorado, Boulder",,Department of Geography,College of Arts and Sciences,x,x,,,,x,,x,x,,,,,,
"Applied Geography Biogeography Cartography Climatology/Meteorology Conservation, Land Use, Resource Management Economic Development Economic Geography Environmental Studies Geographic Education Geomorphology GIS GIS Certificate Program Hazards Historical Geography Medical Geography Physical Geography/General Planning (Regional/Urban) Political Ecology Quantitative Methods Regional Development Recreation and Tourism Remote Sensing Rural Geography Social Geography Transportation and Communication Urban Geography Water Resources",https://clas.ucdenver.edu/ges/,CO,"University of Colorado, Denver",,Department of Geography and Environmental Sciences,College of Liberal Arts and Sciences,x,,,,,x,,x,x,,,x,,"MA in Applied Geography & Geospatial Science; PhD in Geography, Planning and Design",
,https://temp.msudenver.edu/eas/geography-program/gegadvising/,CO,Metropolitan State University of Denver,,Department of Earth and Atmospheric Sciences,"College of Letters, Arts and Sciences", ,,,,,x,,,,,,,,The Division of Mathematics and Science,
,"https://www.ccd.edu/program/geography#:~:text=The%20program%20also%20delves%20into,Bachelor%20of%20Arts%20in%20geography.",CO,Community College of Denver,Geography,,"Arts, Humanities and Design Pathway",,,x,,,,,,,,,,,,
Applied Geography Biogeography Cultural Geography Environmental Studies Geomorphology GIS Certificate Program Physical Geography/General Political Ecology Population Geography Remote Sensing Social Geography Urban Geography Water Resources,https://ges.uccs.edu/,CO,"University of Colorado, Colorado Springs",,Department of Geography and Environmental Studies,"College of Letters, Arts and Sciences",x,,,,,x,,x,,,,,,MA in Applied Geography,
Cultural Geography Economic Geography,http://catalog.mcc.commnet.edu/preview_program.php?catoid=12&poid=1789&returnto=1146,CT,Manchester Community College,,Department of Global Studies,"Social Science, Business and Professional Careers Division",,,x,,,,,,,,,,,,
Applied Geography Cartography Economic Geography Environmental Studies Gender Geographic Thought Geomorphology GIS GIS Certificate Program Location Theory Medical Geography Physical Geography/General Planning (Regional/Urban) Population Geography Regional Development Remote Sensing Urban Geography,https://geography.uconn.edu/,CT,University of Connecticut,,Department of Geography,College of Liberal Arts and Sciences,x,x,,,x,x,,x,x,,,,,,
"Agricultural Geography Applied Geography Cartography Climatology/Meteorology Conservation, Land Use, Resource Management Economic Development Economic Geography Energy Environmental Studies Gender Geographic Education GIS GIS Certificate Program Historical Geography Physical Geography/General Planning (Regional/Urban) Political Ecology Political Geography Quantitative Methods Regional Development Remote Sensing Social Geography Water Resources",https://www.udel.edu/academics/colleges/ceoe/departments/gss/,DE,University of Delaware,,Department of Geography and Spatial Sciences,"College of Earth, Ocean and Environment",x,,,,,x,x,x,x,,,,,,geography education
"Biogeography Climatology/Meteorology Conservation, Land Use, Resource Management Cultural Geography Economic Geography Environmental Studies Gender Geographic Thought GIS Medical Geography Physical Geography/General Political Geography Remote Sensing Water Resources",https://geography.fsu.edu/programs/undergraduate/geography/,FL,Florida State University,,Department of Geography,College of Social Sciences and Public Policy,x,x,,,,x,,x,x,,,,,MS GIS,
,https://www.sfcollege.edu/sbs/disciplines/geography/index,FL,Santa Fe College,,Department of Social and Behavioral Sciences,,,,x,,,,,,,,,,,,
"Agricultural Geography Applied Geography Biogeography Climatology/Meteorology Conservation, Land Use, Resource Management Economic Development Environmental Studies GIS GIS Certificate Program Medical Geography Physical Geography/General Political Geography Quantitative Methods Remote Sensing Water Resources",http://geog.ufl.edu/,FL,University of Florida,,Department of Geography,College of Liberal Arts and Sciences,x,x,,,x,x,x,x,x,,,,,,"Earth System Science
Medical Geography in Global Health (MGGH)
Places, Networks, & Flows
Geopolitics & The Global Economy
Catastrophes, Conservation, and Conflict
Sustainability & Global Environmental Change"
Cultural Geography Distance/Online Degree Program Economic Geography Environmental Studies Gender Geographic Thought GIS GIS Certificate Program Hazards Medical Geography Political Ecology Political Geography Quantitative Methods Regional Development Remote Sensing Social Geography Urban Geography Water Resources,https://gss.fiu.edu/undergraduate-programs/ba-in-geography/,FL,Florida International University,,Department of Global and Sociocultural Studies,Steven J. Green School of International and Public Affairs ,,,,,,x,,,,,,,,MA Global and Sociocultural Studies; PhD Global and Sociocultural Studies w Geography Major ,
"Applied Geography Biogeography Climatology/Meteorology Conservation, Land Use, Resource Management Cultural Geography Economic Development Economic Geography Environmental Studies Gender Geomorphology GIS GIS Certificate Program Hazards Medical Geography Physical Geography/General Planning (Regional/Urban) Political Ecology Political Geography Population Geography Quantitative Methods Regional Development Remote Sensing Social Geography Urban Geography",https://geography.as.miami.edu/index.html,FL,University of Miami,,Department of Geography and Sustainable Development,College of Arts and Sciences,x,,,,x,x,,x,,,x,,,BS and BA  Geography and Sustainable Development,
"Agricultural Geography Applied Geography Biogeography Cartography Conservation, Land Use, Resource Management Cultural Geography Distance/Online Degree Program Economic Geography Environmental Studies Geomorphology GIS GIS Certificate Program Physical Geography/General Population Geography Quantitative Methods Remote Sensing Social Geography Urban Geography",https://radow.kennesaw.edu/geoanth/,GA,Kennesaw State University,,Department of Geography and Anthropology,Norman J. Radow College of Humanities and Social Sciences,x,,,,,x, ,,,,,,,BS in Geospatial Sciences,
"Agricultural Geography Applied Geography Biogeography Cartography Conservation, Land Use, Resource Management Cultural Geography Economic Geography Environmental Studies GIS Medical Geography Physical Geography/General Political Ecology Population Geography Quantitative Methods Remote Sensing Urban Geography",https://cosm.georgiasouthern.edu/geo/degrees/,GA,Georgia Southern University,,Department of Geology and Geography,College of Science and Mathematics ,x,,,,x,x,,x,,,,,,MA Applied Geography,
"Agricultural Geography Applied Geography Biogeography Climatology/Meteorology Conservation, Land Use, Resource Management Cultural Ecology Cultural Geography Economic Development Economic Geography Environmental Studies Geographic Thought Geomorphology GIS GIS Certificate Program Physical Geography/General Planning (Regional/Urban) Political Ecology Political Geography Population Geography Quantitative Methods Regional Development Recreation and Tourism Remote Sensing Rural Geography Social Geography Transportation and Communication Water Resources",https://geography.manoa.hawaii.edu/graduate/,HI,"University of Hawaii, Manoa",,Department of Geography and Environment,College of Social Sciences,x,,,,,x,,x,x,,,,,,
"Agricultural Geography Applied Geography Biogeography Cartography Climatology/Meteorology Conservation, Land Use, Resource Management Economic Development Economic Geography Energy Geographic Education Geomorphology GIS GIS Certificate Program Hazards Historical Geography Physical Geography/General Planning (Regional/Urban) Political Ecology Political Geography Population Geography Regional Development Remote Sensing Rural Geography Urban Geography Water Resources",https://www.uidaho.edu/sci/geography/academics,ID,University of Idaho,,Department of Geography,College of Science  ,x,x,,,x,,x,,x,,,,,,
"Cartography Conservation, Land Use, Resource Management Cultural Geography Economic Geography Environmental Studies Geomorphology GIS Historical Geography Physical Geography/General Planning (Regional/Urban) Urban Geography Water Resources",https://www.augustana.edu/academics/areas-of-study/geography,IL,Augustana College,,Department of Geography,,x,x,,,,x,,,,,,,,,
"Applied Geography Climatology/Meteorology Conservation, Land Use, Resource Management GIS GIS Certificate Program Hazards Medical Geography Population Geography Regional Development Remote Sensing Transportation and Communication Urban Geography Water Resources",https://www.niu.edu/clas/geography/index.shtml,IL,Northern Illinois University,,Department of Geographic and Atmospheric Sciences,College of Liberal Arts and Sciences,x,,,,x,x ,x,,x,,,,,,
"Conservation, Land Use, Resource Management Cultural Geography Environmental Studies GIS GIS Certificate Program Planning (Regional/Urban) Social Geography Urban Geography",https://www.neiu.edu/academics/college-of-arts-and-sciences/departments/geography-environmental-studies,IL,Northeastern Illinois University,,Department of Geography and Environmental Studies,College of Arts and Science,x,,,,,x,,x,,,,x,,MA Geography & Environmental Studies,
Environmental Studies GIS GIS Certificate Program Planning (Regional/Urban) Political Ecology Remote Sensing Urban Geography,https://las.depaul.edu/academics/geography/Pages/default.aspx,IL,Depaul University,,Department of Geography,College of Liberal Arts and Social Sciences,x,x,,,,x,,,,,,,,,
Biogeography Cartography Climatology/Meteorology Cultural Ecology Cultural Geography Economic Development Environmental Studies Geographic Education GIS Planning (Regional/Urban) Political Ecology Quantitative Methods Regional Development Remote Sensing Social Geography Urban Geography Water Resources,https://geo.illinoisstate.edu/,IL,Illinois State University,,"Department of Geography, Geology and the Environment",Society and Culture Programs,x,,,,x,x,,,,,,,,,
"Applied Geography Biogeography Conservation, Land Use, Resource Management Cultural Geography Distance/Online Degree Program Environmental Studies Gender Geographic Education Geographic Thought Geomorphology GIS GIS Certificate Program Location Theory Medical Geography Physical Geography/General Planning (Regional/Urban) Political Geography Quantitative Methods Remote Sensing Social Geography Transportation and Communication Urban Geography Water Resources",http://catalog.illinois.edu/graduate/las/geography-ms/,IL,University of Illinois,,Department of Geography and Geographic Information Science,College of Liberal Arts and Sciences,x,,,,x,x,x,x,x,,,,,"School of Earth, Society and Environment",
Applied Geography Cartography Climatology/Meteorology Cultural Geography Economic Geography Geomorphology GIS GIS Certificate Program Physical Geography/General Quantitative Methods Remote Sensing Water Resources,https://www.eiu.edu/geoscience/geography.php,IL,Eastern Illinois University,,Department of Geology and Geography,College of Liberal Arts and Sciences,x,,,,x,,,,,,,,,,
"Applied Geography Cartography Climatology/Meteorology Conservation, Land Use, Resource Management Cultural Geography Economic Development Geographic Education Geomorphology GIS Hazards Medical Geography Physical Geography/General Political Geography Population Geography Quantitative Methods Remote Sensing Urban Geography Water Resources",https://www.siue.edu/artsandsciences/geography/,IL,"Southern Illinois University, Edwardsville",,Department of Geography,College of Arts and Sciences,x,x,,,x,x,x,,,,,,,,
,https://www.swic.edu/academics/transfer-degrees/social-science/geography/,IL,Southwestern Illinois College,,"Department of Geography, History, and Political Science",Arts and Sciences Division,x,,,x,,,,,,,,,,,
,https://cola.siu.edu/geography/undergraduate/,IL,"Southern Illinois University, Carbondale",,Department of Geography and Environmental Resources,Science and Mathematics Program ,x,,,,x,,x,,,,x,x,,BS and MS Geography and Environmental Resources,
"Applied Geography Biogeography Cartography Climatology/Meteorology Conservation, Land Use, Resource Management Cultural Geography Economic Development Environmental Studies Geographic Education Geomorphology GIS Hazards Historical Geography Physical Geography/General Planning (Regional/Urban) Political Geography Quantitative Methods Regional Development Recreation and Tourism Remote Sensing Rural Geography Urban Geography",https://www.valpo.edu/geography-meteorology/,IN,Valparaiso University,,Department of Geography and Meteorology,College of Arts and Sciences,x,,,,x,x,,,,,,,,,
Cartography Climatology/Meteorology GIS GIS Certificate Program Recreation and Tourism,https://www.bsu.edu/academics/collegesanddepartments/geography,IN,Ball State University,,Department of Geography,College of Sciences and Humanities,x,x,,,x,x,x,,,,,,,,
Applied Geography Environmental Studies GIS GIS Certificate Program Medical Geography Remote Sensing,https://liberalarts.iupui.edu/geography/,IN,"Indiana University - Purdue University, Indianapolis",,Department of Geography,School of Liberal Arts,x,x,,,,x,,,,,,,,MS GIS ,
,https://www.indstate.edu/cas/ees/undergraduate/majors,IN,Indiana State University,,Department of Earth and Environmental Systems,College of Arts and Sciences,,,,,x,,,x,,,x,,,BS Geography and Sustainability,
"Agricultural Geography Climatology/Meteorology Conservation, Land Use, Resource Management Cultural Ecology Economic Development Environmental Studies GIS Political Ecology Political Geography Population Geography Quantitative Methods Regional Development Recreation and Tourism Remote Sensing Rural Geography Urban Geography Water Resources",https://geography.indiana.edu/,IN,Indiana University Bloomington,,Department of Geography,College of Arts and Sciences,x,x,,,x,x,x,x,x,,,,,,
"Applied Geography Cartography Conservation, Land Use, Resource Management Cultural Geography Economic Development Economic Geography Energy Environmental Studies Geographic Education Geomorphology GIS GIS Certification Program Hazards Physical Geography/General Planning (Regional/Urban) Population Geography Quantitative Methods Regional Development Remote Sensing Rural Geography Urban Geography Water Resources",https://csbs.uni.edu/geography,IA,University of Northern Iowa,,Department of Geography,College of Social and Behavioral Sciences,x,x,,,x,x,,x,,,,,,,"Geography: Globalization and Regional Geography Major (B.A)

Geography: Environmental Systems and Sustainability Major (B.A.)

Geography: Planning and Developing Major (B.A.)

Geographic Information Science: Environmental Science and Policy Major (B.S.)

Geographic Information Science: Economic Geography and Business (B.S.)

Geographic Information Science: Planning and Policy (B.S.)

Environmental Resource Management (B.A)"
"Applied Geography Biogeography Climatology/Meteorology Conservation, Land Use, Resource Management Energy Environmental Studies GIS GIS Certificate Program Hazards Medical Geography Physical Geography/General Planning (Regional/Urban) Quantitative Methods Remote Sensing Water Resources",https://clas.uiowa.edu/geography/,IA,University of Iowa,,Department of Geographical and Sustainability Sciences,College of Liberal Arts and Sciences,x,,,,x,x,,x,x,,,,,,
"Biogeography Cartography Conservation, Land Use, Resource Management Cultural Geography Environmental Studies Geomorphology GIS GIS Certificate Program Medical Geography Physical Geography/General Political Ecology Remote Sensing Rural Geography Water Resources",https://www.k-state.edu/geography/academics/index.html,KS,Kansas State University,,Department of Geography and Geospatial Sciences,College of Arts and Sciences ,x,,,,x,x,,x,x,,,,,,
,https://geog.ku.edu/,KS,University of Kansas,,Department of Geography and Atmospheric Science,School of Liberal Arts and Sciences,x,,,,x,x,x,x,x,,,,,,
"Agricultural Geography Applied Geography Cartography Climatology/Meteorology Conservation, Land Use, Resource Management Cultural Geography Environmental Studies Geographic Education Geographic Thought Geomorphology GIS GIS Certificate Program Hazards Historical Geography Medical Geography Physical Geography/General Political Geography Quantitative Methods Remote Sensing Social Geography Transportation and Communication Urban Geography Water Resources",http://louisville.edu/geogeo/,KY,University of Louisville,,Department of Geography and Geosciences,College of Arts and Sciences,x,,,,x,,x,,,,,,,BS and MS Applied Geography,
Agricultural Geography Biogeography Cartography Climatology/Meteorology Cultural Geography Distance/Online Degree Program Economic Development Economic Geography Environmental Studies Gender Geographic Thought Geomorphology GIS GIS Certificate Program Historical Geography Medical Geography Physical Geography/General Planning (Regional/Urban) Political Geography Population Geography Quantitative Methods Remote Sensing Social Geography Urban Geography,https://geography.as.uky.edu/geography-research-clusters,KY,University of Kentucky,,Department of Geography,College of Arts and Sciences,x,x,,,x,x,,x,x,,,,,,
Applied Geography Cartography Climatology/Meteorology Cultural Ecology Cultural Geography Economic Development Economic Geography Environmental Studies Geographic Thought Geomorphology GIS GIS Certification Program Hazards Historical Geography Location Theory Medical Geography Physical Geography/General Planning (Regional/Urban) Political Ecology Political Geography Population Geography Quantitative Methods Regional Development Remote Sensing Social Geography Transportation and Communication Urban Geography Water Resources,https://www.lsu.edu/ga/index.php,LA,Louisiana State University,,Department of Geography and Anthropology,College of Humanities and Social Sciences,x,,,,x,x,x,,x,,,,,,
,https://www.umf.maine.edu/academics/programs/geography/,ME,University of Maine at Farmington,,Department of Geography and Environmental Planning,,x,,,,,x,,,,,,,,BA Geography and Environmental Planning,
,https://usm.maine.edu/geography-anthropology/geography-anthropology-programs-2021-2022-catalog,ME,University of Southern Maine,Geography Anthropology,Department of Geography-Anthropology,College of Management and Human Services,x,,,,,x,,,,,x,,,BA Geography-Anthropology,"Geography-Anthropology, Cultural and Natural Heritage Management Specialization, B.A.
Geography-Anthropology, Social Studies, Secondary Teacher Education Pathway, B.A.
Geography-Anthropology, Specialization in Applied Geographic Information Systems (GIS) and Geospatial Analysis Specialization, B.A.
Geography-Anthropology, Sustainable Cultures and Communities Specialization, B.A."
"Applied Geography Cartography Climatology/Meteorology Conservation, Land Use, Resource Management Distance/Online Degree Program Economic Geography Environmental Studies Geomorphology GIS Physical Geography/General Planning (Regional/Urban) Political Geography Quantitative Methods Remote Sensing Urban Geography Water Resources",https://www.salisbury.edu/academic-offices/science-and-technology/geography-and-geosciences/,MD,Salisbury University,,Department of Geography and Geosciences,Henson School of Science and Technology,x,,,,x,,,,,,,,,,
Applied Geography Climatology/Meteorology Cultural Geography Economic Development Environmental Studies Gender Geomorphology GIS Hazards Medical Geography Physical Geography/General Planning (Regional/Urban) Political Geography Population Geography Quantitative Methods Recreation and Tourism Remote Sensing Urban Geography,https://www.towson.edu/cla/departments/geography/,MD,Towson University,,Department of Geography and Environmental Planning,College of Liberal Arts,x,,,,,,,,,,,,,,
"Agricultural Geography Biogeography Cartography Climatology/Meteorology Conservation, Land Use, Resource Management Cultural Ecology Cultural Geography Economic Geography Environmental Studies Geographic Thought Geomorphology GIS GIS Certificate Program Hazards Physical Geography/General Planning (Regional/Urban) Political Ecology Political Geography Population Geography Remote Sensing Social Geography Urban Geography Water Resources",https://ges.umbc.edu/,MD,"University of Maryland, Baltimore County ",,Department of Geography and Environmental Systems,"College of Arts, Humanities, and Social Sciences",x,,,,x,x,x, ,x,,x,x,x,BS Environmental Science and Geography; BA in Geography and Environmental Studies; MS and PhD Geography & Environmental Systems, 
,https://www.montgomerycollege.edu/academics/programs/applied-geography/index.html,MD,Montgomery College,Applied Geography,,,,,,x,,,,,,,,,,applied associates,
,https://geography.columbian.gwu.edu/,MD,George Washington University,,Department of Geography,Columbian College of Arts and Sciences,x,x,,,,x,x,,,,,,,,
Environmental Studies GIS GIS Certificate Program Physical Geography/General Planning (Regional/Urban) Political Ecology Quantitative Methods Recreation and Tourism Urban Geography,https://www.westfield.ma.edu/academics/degrees/geography-regional-planning-degree-part-time,MA,Westfield State University,,"Department of Geography, Planning, and Sustainability","College of Arts, Humanities, and Social Sciences",x,,,,x,,,,,,x,,,BS Geography & Regional Planning (Part-time),
Climatology/Meteorology Environmental Studies Geographic Education GIS Political Ecology,http://www.geo.umass.edu/,MA,University of Massachusetts Amherst,,Department of Geosciences,College of Natural Sciences,,,,,x,x,x,,,,,,,,
Climatology/Meteorology Cultural Geography Environmental Studies Geographic Education Geomorphology GIS Remote Sensing Urban Geography,https://www.worcester.edu/Earth-Environment-and-Physics/,MA,Worcester State University,,"Department of Earth, Environment and Physics","School of Education, Health, and Natural Sciences",,,,,x,,,,,,,,,,
"Agricultural Geography Applied Geography Biogeography Conservation, Land Use, Resource Management Cultural Ecology Economic Development Economic Geography Energy Environmental Studies Gender Geographic Thought GIS Hazards Physical Geography/General Planning (Regional/Urban) Political Ecology Political Geography Quantitative Methods Regional Development Remote Sensing Urban Geography Water Resources",https://www.clarku.edu/departments/geography/,MA,Clark University,,Graduate School of Geography,School of Arts and Sciences ,x,x,,,,x,,,x,,,,,,
"Biogeography Cartography Climatology/Meteorology Conservation, Land Use, Resource Management Cultural Geography Economic Development Economic Geography Energy Environmental Studies GIS GIS Certification Program Physical Geography/General Planning (Regional/Urban) Quantitative Methods Regional Development Recreation and Tourism Remote Sensing Transportation and Communication Urban Geography",https://www.salemstate.edu/academics/college-arts-and-sciences/geography-and-sustainability,MA,Salem State University,,Department of Geography and Sustainability,College of Arts and Sciences,x,,,,x,x,,,,,x,,,BA and BS Geography and Sustainability,
,https://www.bridgew.edu/department/geography,MA,Bridgewater State University,,Department of Geography,Bartlett College of Science and Mathematics,x,x,,,x,x,,,,,,,,,
"Applied Geography Biogeography Cartography Climatology/Meteorology Conservation, Land Use, Resource Management Cultural Geography Distance/Online Degree Program Economic Development Economic Geography Energy Environmental Studies Gender Geographic Education Geographic Thought Geomorphology GIS Historical Geography Location Theory Physical Geography/General Planning (Regional/Urban) Political Geography Population Geography Quantitative Methods Regional Development Remote Sensing Transportation and Communication Urban Geography Water Resources",https://www.cmich.edu/colleges/se/Geography/Undergraduate/Pages/default.aspx,MI,Central Michigan University,,Department of Geography and Environmental Studies,College of Science and Engineering,x,,,,x,x,,,,,,,,,
"Agricultural Geography Applied Geography Biogeography Cartography Climatology/Meteorology Conservation, Land Use, Resource Management Cultural Ecology Cultural Geography Economic Geography Environmental Studies Gender Geographic Education Geographic Thought Geomorphology GIS GIS Certificate Program Hazards Historical Geography Location Theory Physical Geography/General Planning (Regional/Urban) Population Geography Quantitative Methods Remote Sensing Urban Geography Water Resources",https://www.svsu.edu/geography/,MI,Saginaw Valley State University,,Department of Geography,College of Arts and Behavioral Sciences,x,x,,,,x,,,,,,,,,
Applied Geography Cartography Climatology/Meteorology Cultural Geography Economic Geography Environmental Studies Geographic Education Geographic Thought Geomorphology GIS GIS Certificate Program Historical Geography Planning (Regional/Urban) Recreation and Tourism Remote Sensing,https://www.emich.edu/geography-geology/programs/geography/index.php,MI,Eastern Michigan University,,Department of Geography and Geology,College of Arts and Sciences,x,,,,x,,,,,,,,,,
Climatology/Meteorology Cultural Geography Economic Geography Geomorphology GIS GIS Certificate Program Medical Geography Physical Geography/General Remote Sensing Urban Geography,https://geo.msu.edu/index.html,MI,Michigan State University,,"Department of Geography, Environment, and Spatial Sciences",College of Social Science,x,,,,x,x,x,,x,,,,,,
,https://www.grcc.edu/programs/pregeography-aa-general-transfer,MI,Grand Rapids Community College,,Department of Social Sciences,"Human Services, Education, and Social Sciences Academic Pathway", ,,x,,,,,,,,,,,,
"Agricultural Geography Applied Geography Biogeography Climatology/Meteorology Conservation, Land Use, Resource Management Cultural Geography Economic Geography Environmental Studies Geographic Education GIS GIS Certificate Program Hazards Historical Geography Location Theory Medical Geography Physical Geography/General Planning (Regional/Urban) Population Geography Quantitative Methods Regional Development Recreation and Tourism Remote Sensing Transportation and Communication Urban Geography Water Resources",https://wmich.edu/geography/academics/undergraduate,MI,Western Michigan University,,"Department of Geography, Environment, and Tourism",College of Arts and Sciences,x,,,,x,,x,,,,,,,,
Cartography Cultural Geography Environmental Studies Geographic Thought GIS GIS Certificate Program Physical Geography/General Urban Geography,https://calvin.edu/academics/departments-programs/geo/academics/geography,MI,Calvin University,,"Department of Geology, Geography, and Environmental Studies","Science, Technology, Engineering and Mathematics",x,,,,,x,,,,,,,,,4 geog 3 geologists  one human cert in gis 
"Applied Geography Cartography Conservation, Land Use, Resource Management Cultural Geography Economic Geography Geomorphology GIS GIS Certificate Program Hazards Historical Geography Physical Geography/General Planning (Regional/Urban) Political Geography Population Geography Remote Sensing Rural Geography Social Geography Transportation and Communication Urban Geography",https://sbs.mnsu.edu/academics/geography,MN,"Minnesota State University, Mankato",,Department of Geography,College of Social and Behavioral Sciences,x,x,,,x,x,x,,,,,,,,
Agricultural Geography Climatology/Meteorology Energy Environmental Studies GIS Physical Geography/General Planning (Regional/Urban) Political Ecology Political Geography Urban Geography Water Resources,https://gustavus.edu/geography/,MN,Gustavus Adolphus College,,Department of Geography,,x,x,,,,x,,,,,,,,,
"Agricultural Geography Cartography Conservation, Land Use, Resource Management Economic Geography Environmental Studies GIS Hazards Medical Geography Political Ecology Political Geography Population Geography Quantitative Methods Remote Sensing Rural Geography Transportation and Communication Urban Geography",https://www.macalester.edu/geography/,MN,Macalester College,,Department of Geography,,x,x,,,,,,,,,,,,,
Biogeography Cartography Climatology/Meteorology Cultural Geography Economic Geography Environmental Studies Gender Geographic Thought GIS Medical Geography Physical Geography/General Planning (Regional/Urban) Political Ecology Political Geography Population Geography Quantitative Methods Recreation and Tourism Social Geography Transportation and Communication Urban Geography,https://cla.umn.edu/geography,MN,"University of Minnesota, Twin Cities",,"Department of Geography, Environment and Society",College of Liberal Arts,x,,,,x,x,,x,x,,,,,MS GIS,
Biogeography Cartography Cultural Geography Economic Development Economic Geography Geomorphology GIS GIS Certificate Program Historical Geography Physical Geography/General Planning (Regional/Urban) Political Ecology Political Geography Regional Development Recreation and Tourism Remote Sensing Social Geography,https://catalog.stcloudstate.edu/~/Catalog/ViewCatalog.aspx?pageid=viewcatalog&catalogid=7&topicgroupid=1675,MN,St. Cloud State University,,Department of Geography and Planning,School of Public Affairs,x,,,,x,x,,,,,,,,,
,https://www.itascacc.edu/gis#programs,MN,Itasca Community College,Geography and GIS, ,,,,x,,,,,,,,,,,equivalent,
,https://www.usm.edu/biological-environmental-earth-sciences/#our-programs-list,MS,University of Southern Mississippi,Geography,,"School of Biological, Environmental, and Earth Sciences",,,,,x,,x,,,,,,,,
"Agricultural Geography Applied Geography Cartography Climatology/Meteorology Conservation, Land Use, Resource Management Cultural Geography Distance/Online Degree Program Economic Geography Environmental Studies Geomorphology GIS GIS Certificate Program Historical Geography Physical Geography/General Planning (Regional/Urban) Remote Sensing Rural Geography Urban Geography Water Resources",https://geosciences.missouristate.edu/Geography/,MO,Missouri State University,,"Department of Geography, Geology, and Planning",College of Natural and Applied Sciences,x,,,,x,x,,,,,,,,,
"Biogeography Cartography Climatology/Meteorology Conservation, Land Use, Resource Management Cultural Ecology Cultural Geography Environmental Studies Geographic Education Geographic Thought Geomorphology GIS GIS Certificate Program Historical Geography Location Theory Physical Geography/General Planning (Regional/Urban) Political Ecology Population Geography Quantitative Methods Recreation and Tourism Remote Sensing Rural Geography Social Geography Transportation and Communication Urban Geography Water Resources",https://geography.missouri.edu/,MO,"University of Missouri, Columbia",,Department of Geography,College of Arts and Science,x,x,,,,x,,x,,,,,,,
"Cartography Climatology/Meteorology Conservation, Land Use, Resource Management Cultural Geography Distance/Online Degree Program Economic Geography GIS GIS Certificate Program Hazards Physical Geography/General Political Geography Quantitative Methods Remote Sensing Urban Geography",http://www.nwmissouri.edu/socialsciences/programs/index.htm,MO,Northwest Missouri State University,,Department of Humanities and Social Sciences,,,,,,x,x,,,,,,,,,
"Climatology/Meteorology Conservation, Land Use, Resource Management Economic Development Economic Geography Environmental Studies Gender Geographic Thought Geomorphology GIS GIS Certificate Program Hazards Location Theory Physical Geography/General Planning (Regional/Urban) Political Ecology Population Geography Quantitative Methods Regional Development Recreation and Tourism Remote Sensing Rural Geography Transportation and Communication Urban Geography Water Resources",https://www.cfc.umt.edu/geography/,MT,University of Montana,,Department of Geography,W.A. Franke College of Forestry and ConservationGeography,x,x,,,x,x,x,,,,,,,,
"Agricultural Geography Biogeography Cartography Climatology/Meteorology Conservation, Land Use, Resource Management Economic Geography Environmental Studies Gender Geographic Education GIS GIS Certificate Program Hazards Physical Geography/General Planning (Regional/Urban) Political Ecology Political Geography Quantitative Methods Remote Sensing Urban Geography Water Resources",https://www.unomaha.edu/college-of-arts-and-sciences/geography/index.php,NE,"University of Nebraska, Omaha",,Department of Geography and Geology,College of Arts and Sciences,x,,,,x,,x,,,,,,,,
"Cartography Climatology/Meteorology Conservation, Land Use, Resource Management Cultural Geography Economic Geography Energy Environmental Studies Gender Geomorphology GIS GIS Certificate Program Historical Geography Medical Geography Physical Geography/General Planning (Regional/Urban) Political Geography Population Geography Quantitative Methods Regional Development Recreation and Tourism Remote Sensing Rural Geography Urban Geography Water Resources",https://www.unl.edu/gradstudies/department/geography,NE,"University of Nebraska, Lincoln",,Department of Geography,"College of Arts and Sciences
",x,x,,,x,x,,x,x,,,,,School of Global Integrative Studies,
"Applied Geography Biogeography Climatology/Meteorology Conservation, Land Use, Resource Management Cultural Geography Economic Geography Energy Environmental Studies Gender Geographic Education GIS Hazards Historical Geography Physical Geography/General Planning (Regional/Urban) Political Ecology Political Geography Quantitative Methods Remote Sensing Rural Geography Social Geography Transportation and Communication Urban Geography Water Resources",https://www.unr.edu/geography/,NV,"University of Nevada, Reno",,Department of Geography,College of Science,x,x,,,x,x,x,,x,,,,,The Mackay School of Earth Sciences and Engineering,
Climatology/Meteorology  Economic Geography  Geomorphology  GIS  Hazards  Physical Geography/General  Political Ecology  Political Geography  Population Geography  Remote Sensing,https://cola.unh.edu/geography,NH,University of New Hampshire,,Department of Geography,College of Liberal Arts,x,x,,,,x,,,,,,,,,
Environmental Studies GIS GIS Certificate Program Recreation and Tourism,https://coursecatalog.plymouth.edu/undergraduate-courses/ge/,NH,Plymouth State University,,Department of Social Science,,,,,,x,,,,,,x,,,BS Geography and Environmental Planning,
"Climatology/Meteorology Conservation, Land Use, Resource Management Cultural Geography Economic Geography Gender GIS Medical Geography Physical Geography/General Political Ecology Political Geography Population Geography Quantitative Methods Regional Development Rural Geography Social Geography Urban Geography Water Resources",https://geography.dartmouth.edu/,NH,Dartmouth College,,Department of Geography,,x,x,,,,x,,,,,,,,,
"Agricultural Geography Applied Geography Biogeography Cartography Climatology/Meteorology Conservation, Land Use, Resource Management Cultural Ecology Cultural Geography Economic Geography Environmental Studies Gender Geomorphology GIS GIS Certificate Program Hazards Physical Geography/General Planning (Regional/Urban) Political Ecology Political Geography Remote Sensing Urban Geography Water Resources",https://geography.rutgers.edu/,NJ,Rutgers University,,Department of Geography,School of Arts and Sciences,x,x,,,,x,x,x,x,,,,,,
"Conservation, Land Use, Resource Management Cultural Geography Environmental Studies Geographic Education GIS GIS Certificate Program Planning (Regional/Urban) Remote Sensing Transportation and Communication Urban Geography Water Resources",https://earth.rowan.edu/departments/geography/academics/geog.html,NJ,Rowan University,,"Department of Geography, Planning and Sustainability",School of Earth and Environment,x,,,,,x,,,,,,,,,
"Applied Geography Biogeography Cartography Climatology/Meteorology Conservation, Land Use, Resource Management Cultural Ecology Cultural Geography Economic Geography Geographic Thought Geomorphology GIS Physical Geography/General Remote Sensing Social Geography Urban Geography Water Resources",https://geography.nmsu.edu/masters-program/MAG%20Degree%20Requirements.html,NM,New Mexico State University,,Department of Geography,College of Arts and Sciences,x,x,,,x,,,x,x,,,,,,
"Conservation, Land Use, Resource Management Environmental Studies GIS Political Ecology Quantitative Methods Remote Sensing Water Resources",https://geographyphdnmsu.unm.edu/,NM,University of New Mexico,,Department of Geography and Environmental Studies,College of Arts and Sciences,x,,,,x,x,x,,x,,,,,,
"Biogeography Climatology/Meteorology Conservation, Land Use, Resource Management Economic Development Economic Geography Environmental Studies Geomorphology GIS GIS Certificate Program Physical Geography/General Planning (Regional/Urban) Quantitative Methods Regional Development Remote Sensing Urban Geography Water Resources",https://geography.buffalostate.edu/programs,NY ,"State University of New York, Buffalo State",,Department of Geography and Planning,School of Arts and Sciences,x,,,,x,x,,,,,,,,,
Biogeography Cartography Climatology/Meteorology Economic Development Economic Geography Geomorphology GIS GIS Certificate Program Medical Geography Physical Geography/General Quantitative Methods Regional Development Remote Sensing Urban Geography Water Resources,https://www.buffalo.edu/cas/geography.html,NY,"University at Buffalo, State University of New York",,Department of Geography,College of Arts and Sciences,x,x,,,,x,,x,x,,,,,,
Distance/Online Degree Program GIS GIS Certificate Program,https://www.monroecc.edu/depts/geography/,NY,"Monroe Community College, State University of New York",,Department of Chemistry and Geosciences,,,,,x,,,,,,,,,,,
"Applied Geography Biogeography Cartography Climatology/Meteorology Conservation, Land Use, Resource Management Cultural Geography Economic Development Environmental Studies Geographic Thought GIS Historical Geography Physical Geography/General Planning (Regional/Urban) Political Geography Quantitative Methods Regional Development Social Geography Urban Geography",https://www.geneseo.edu/geography,NY,"State University of New York, College at Geneseo",,Department of Geography,,x,x,,,,x,,,,,,,,,
Applied Geography Biogeography Cartography Climatology/Meteorology Cultural Geography Economic Development Economic Geography Energy Environmental Studies Gender Geomorphology GIS GIS Certificate Program Hazards Historical Geography Physical Geography/General Political Ecology Political Geography Quantitative Methods Remote Sensing Urban Geography Water Resources,https://www.maxwell.syr.edu/geography-and-the-environment/,NY,Syracuse University,,Department of Geography and the Environment,Maxwell School of Citizenship and Public Affairs,x,,,,,x,,x,x,,,,,,
Applied Geography Cartography Economic Geography Environmental Studies Geographic Education Geographic Thought GIS Hazards Medical Geography Population Geography Quantitative Methods Remote Sensing Rural Geography Social Geography Urban Geography,https://www.colgate.edu/academics/departments-programs/department-geography,NY,Colgate University,,Department of Geography,Division of Social Sciences,x,x,,,,x,,,,,,,,,
"Applied Geography Cartography Climatology/Meteorology Conservation, Land Use, Resource Management Cultural Ecology Cultural Geography Economic Geography Environmental Studies Geographic Education Geographic Thought GIS GIS Certificate Program Hazards Historical Geography Physical Geography/General Planning (Regional/Urban) Political Geography Population Geography Regional Development Remote Sensing Rural Geography Social Geography Transportation and Communication Urban Geography Water Resources",https://www.albany.edu/geographyplanning,NY,"University at Albany, State University of New York",,Department of Geography and Planning,College of Arts and Sciences,x,,,,,x,,x,,,,,,,
"Applied Geography Conservation, Land Use, Resource Management Cultural Geography Distance/Online Degree Program Economic Development GIS GIS Certificate Program Hazards Medical Geography Planning (Regional/Urban) Quantitative Methods Remote Sensing Social Geography Transportation and Communication Urban Geography Water Resources",https://www.binghamton.edu/geography/,NY,"Binghamton University, State University of New York",,Department of Geography,Harpur College of Arts and Sciences,x,x,,,,x,,x,,,,,,,
Applied Geography Cartography GIS GIS Certificate Program Physical Geography/General Remote Sensing Water Resources,https://www.westpoint.edu/academics/academic-departments/geography-and-environmental-engineering,NY,United States Military Academy,,Department of Geography and Environmental Engineering,,x,,,,x,,,,,,,,,,
"Applied Geography Biogeography Cartography Conservation, Land Use, Resource Management Geomorphology GIS GIS Certificate Program Hazards Historical Geography Medical Geography Planning (Regional/Urban) Population Geography Quantitative Methods Remote Sensing Urban Geography Water Resources",http://lehman.smartcatalogiq.com/2019-2021/Undergraduate-Bulletin/Academic-Departments-and-Programs/Earth-Environmental-and-Geospatial-Sciences/Geography-B-A-28-Credit-Major,NY,"Lehman College, City University of New York",,"Department of Earth, Environmental and Geospatial Sciences",School of Natural and Social Sciences,,,,,,x,,,,,,,,,
Cartography Cultural Geography Environmental Studies Geographic Education GIS GIS Certificate Program Physical Geography/General Population Geography Quantitative Methods Remote Sensing Social Geography Urban Geography,http://www.geo.hunter.cuny.edu/,NY,"Hunter College, CUNY",,Department of Geography and Environmental Science,School of Arts and Sciences,x,,,,,x,,x,,,,,,,
,https://csicuny.smartcatalogiq.com/en/Current/Undergraduate-Catalog/Divisions-Schools-Departments-and-Programs/Division-of-Humanities-and-Social-Sciences/Department-of-Political-Science-and-Global-Affairs/Geography/Geography-BA,NY,"College of Staten Island, CUNY",,Department of Political Science and Global Affairs,Division of Humanities and Social Sciences,,,,,,x,,,,,,,,,
Cartography Cultural Geography Economic Geography GIS Medical Geography Political Geography Population Geography Transportation and Communication Urban Geography,https://www.hofstra.edu/global-studies-geography/geography-major-ba.html,NY,Hofstra University,,Department of Global Studies and Geography,Hofstra College of Liberal Arts and Sciences, x,,,,,x,,,,,,,,"Peter S. Kalikow School of Government, Public Policy and International Affairs",
Applied Geography Cultural Geography Geomorphology GIS GIS Certificate Program Physical Geography/General Planning (Regional/Urban) Remote Sensing,https://geography.ecu.edu/home/degree-programs/,NC,East Carolina University,,"Department of Geography, Planning and Environment",Thomas Harriot College of Arts and Sciences,x,,,,x,,x,,,,,,,,
,https://www.nccu.edu/chs/environmental-earth-and-geospatial-sciences#undergraduate-programs,NC,North Carolina Central University,,"Department of Environmental, Earth and Geospatial Sciences",College of Health and Sciences,,,,,x,,,,,,x,,,BS Environmental and Geographic Sciences,
"Biogeography Climatology/Meteorology Conservation, Land Use, Resource Management Cultural Ecology Cultural Geography Environmental Studies Gender Geographic Thought Geomorphology GIS GIS Certificate Program Medical Geography Physical Geography/General Political Ecology Political Geography Population Geography Quantitative Methods Remote Sensing Social Geography Urban Geography",https://geography.unc.edu/,NC,University of North Carolina at Chapel Hill,,Department of Geography,College of Arts and Sciences,x,x,,,,x,,x,x,,,,,,
"Applied Geography Biogeography Cartography Climatology/Meteorology Conservation, Land Use, Resource Management Distance/Online Degree Program Economic Geography Energy Environmental Studies Geomorphology GIS GIS Certificate Program Planning (Regional/Urban) Political Geography Quantitative Methods Recreation and Tourism Remote Sensing Transportation and Communication Urban Geography Water Resources",https://ges.uncg.edu/,NC,University of North Carolina at Greensboro,,"Department of Geography, Environment, and Sustainability",College of Arts and Sciences,x,,,,x,x,,x,x,,,,,,
,https://geo.appstate.edu/,NC,Appalachian State University,,Department of Geography and Planning,College of Arts and Sciences,x,,,,x,x,,x,,,,,,,
Applied Geography Climatology/Meteorology Economic Geography Environmental Studies Geomorphology GIS Certificate Program Medical Geography Physical Geography/General Planning (Regional/Urban) Quantitative Methods Urban Geography Water Resources,https://geoearth.uncc.edu/undergraduate-programs/geography,NC,University of North Carolina at Charlotte,,Department of Geography and Earth Sciences,College of Liberal Arts and Sciences,x,,,,x,x,,x,x,,,,,,
"Applied Geography Biogeography Conservation, Land Use, Resource Management Economic Geography Environmental Studies Geographic Education Geomorphology GIS GIS Certificate Program Historical Geography Physical Geography/General Planning (Regional/Urban) Remote Sensing Water Resources",https://arts-sciences.und.edu/academics/geography/,ND,University of North Dakota,,Department of Geography and Geographic Information Science,College of Arts and Sciences,x,,,,x,,,x,,,,,,,
"Applied Geography Biogeography Climatology/Meteorology Conservation, Land Use, Resource Management Environmental Studies Geographic Thought GIS Hazards Medical Geography Physical Geography/General Planning (Regional/Urban) Political Geography Population Geography Remote Sensing Urban Geography",https://www.kent.edu/geography,OH,Kent State University,,Department of Geography,College of Arts and Sciences,x,x,,,,x,,x,x,,,,,,
"Biogeography Cartography Climatology/Meteorology Conservation, Land Use, Resource Management Cultural Ecology Cultural Geography Distance/Online Degree Program Economic Development Economic Geography Environmental Studies Gender Geographic Thought Geomorphology GIS GIS Certificate Program Historical Geography Physical Geography/General Planning (Regional/Urban) Political Ecology Political Geography Population Geography Regional Development Social Geography Urban Geography",https://www.ohio.edu/cas/geography/graduate/masters-ms,OH,Ohio University,,Department of Geography,College of Arts and Sciences,x,x,,,x,x,x,x,,,,,,,
"Applied Geography Cartography Climatology/Meteorology Conservation, Land Use, Resource Management Cultural Ecology Economic Development Economic Geography Energy Environmental Studies Gender Geographic Thought GIS GIS Certificate Program Medical Geography Physical Geography/General Political Ecology Political Geography Population Geography Quantitative Methods Remote Sensing Social Geography Transportation and Communication Urban Geography",https://geography.osu.edu/,OH,Ohio State University,,Department of Geography,College of Arts and Sciences,x,x,,,x,x,,x,x,,,,,,
Cartography Climatology/Meteorology Cultural Geography Economic Geography Energy Environmental Studies GIS Hazards Physical Geography/General Urban Geography,https://www.owu.edu/academics/departments-programs/department-of-environment-sustainability/geography-major/,OH,Ohio Wesleyan University,,Department of Environment and Sustainability,,,,,,,x,,,,,,,,,
,https://www.sinclair.edu/academics/divisions/lcs/geo/,OH,Sinclair College,Geography,,"Division of Liberal Arts, Communication and Social Sciences",,,x,,,,,,,,,,,,
"Conservation, Land Use, Resource Management Cultural Ecology Cultural Geography Economic Development Economic Geography Environmental Studies Gender Geographic Thought Geomorphology GIS GIS Certificate Program Hazards Physical Geography/General Planning (Regional/Urban) Political Ecology Political Geography Population Geography Quantitative Methods Remote Sensing Social Geography Transportation and Communication Urban Geography Water Resources",http://www.miamioh.edu/cas/academics/departments/geography/academics/,OH,Miami University of Ohio,,Department of Geography,College of Arts and Science,x,x,,,,x,,x,,,,,,,
"Biogeography Conservation, Land Use, Resource Management Cultural Ecology Economic Development Economic Geography Environmental Studies Geomorphology GIS GIS Certificate Program Location Theory Medical Geography Physical Geography/General Quantitative Methods Regional Development Remote Sensing Transportation and Communication Urban Geography Water Resources",https://www.artsci.uc.edu/departments/geography/about-the-department.html,OH,University of Cincinnati,,Department of Geography and GIS,College of Arts and Sciences,x,,,,x,x,,x,x,,,,,,
Cultural Geography GIS Physical Geography/General,https://www.owens.edu/academics/program/geography-concentration.html,OH,Owens Community College,,Department of Social and Behavioral Sciences,School of Liberal Arts,,,x,,,,,,,,,,,,
"Conservation, Land Use, Resource Management Cultural Geography Economic Development Economic Geography Environmental Studies Gender Geographic Education Geographic Thought GIS GIS Certificate Program Hazards Historical Geography Location Theory Medical Geography Physical Geography/General Planning (Regional/Urban) Political Geography Quantitative Methods Regional Development Remote Sensing Transportation and Communication Urban Geography Water Resources",https://www.utoledo.edu/Programs/undergrad/Geography-and-Planning,OH,University of Toledo,,Department of Geography and Planning,College of Arts and Letters,x,,,,,x,,x,x,,,,,,
"Biogeography, Climatology/Meteorology, Cultural Ecology, Cultural Geography, Distance/Online Degree Program, Environmental Studies, GIS, GIS Certificate Program, Hazards, Physical Geography (General), Political Ecology, Urban Geography, Water Resources",https://academics.nsuok.edu/Geography/default.aspx,OK,Northeastern State University,,Department of Geography and Political Science,College of Liberal Arts,x,,,,,x,,,,,,,,,
"Agricultural Geography Biogeography Cartography Conservation, Land Use, Resource Management Cultural Ecology Cultural Geography Economic Development Environmental Studies GIS GIS Certificate Program Historical Geography Political Ecology Political Geography Quantitative Methods Remote Sensing Transportation and Communication",https://geog.okstate.edu/,OK,Oklahoma State University,,Department of Geography,College of Arts and Sciences,x,x,,,x,x,x,,x,,,,,,
"Applied Geography Biogeography Cartography Climatology/Meteorology Conservation, Land Use, Resource Management Cultural Geography Economic Development Economic Geography Energy Environmental Studies Gender Geomorphology GIS Certificate Program Historical Geography Planning (Regional/Urban) Political Ecology Political Geography Quantitative Methods Recreation and Tourism Remote Sensing Transportation and Communication Urban Geography Water Resources",https://www.uco.edu/cla/departments/history-geography/degree-programs,OK,University of Central Oklahoma,,Department of History and Geography,College of Liberal Arts,x,,,,,x,,,,,,,,,
Applied Geography Biogeography Climatology/Meteorology Distance/Online Degree Program Economic Geography Energy Environmental Studies Geographic Education Geographic Thought GIS Certificate Program Political Geography Quantitative Methods Remote Sensing Urban Geography Water Resources,https://www.ou.edu/ags/geography/degree-programs,OK,University of Oklahoma,,Department of Geography and Enviromental Sustainability,College of Atmospheric and Geographic Sciences,x,,,,x,x,x,,x,,,x,x,"MS, PhD Geography and Environmental Sustainability",
"Biogeography Cartography Climatology/Meteorology Conservation, Land Use, Resource Management Cultural Ecology Cultural Geography Environmental Studies Gender Geographic Education Geographic Thought Geomorphology GIS GIS Certificate Program Physical Geography/General Political Ecology Quantitative Methods Remote Sensing Urban Geography Water Resources",https://www.pdx.edu/geography/masters-degrees,OR,Portland State University,,Department of Geography,College of Liberal Arts and Sciences,x,x,,,x,x,x,x,,,,,,,
"Climatology/Meteorology Conservation, Land Use, Resource Management Cultural Geography Distance/Online Degree Program Economic Geography Geographic Education Geomorphology Hazards Physical Geography/General Water Resources",https://www.chemeketa.edu/programs-classes/program-finder/geography/,OR,Chemeketa Community College,Geography,,Social Science Division,,,x,,,,,,,,,,,,
"Applied Geography Biogeography Cartography Climatology/Meteorology Conservation, Land Use, Resource Management Cultural Ecology Distance/Online Degree Program Environmental Studies Geomorphology GIS GIS Certificate Program Hazards Location Theory Physical Geography/General Planning (Regional/Urban) Quantitative Methods Remote Sensing Rural Geography Water Resources",https://ceoas.oregonstate.edu/geography-and-geospatial-science,OR,Oregon State University,Geography,,"College of Earth, Ocean and Atmospheric Sciences",,,,,x,,x,,x,,,,,,
"Agricultural Geography Biogeography Cartography Climatology/Meteorology Conservation, Land Use, Resource Management Cultural Ecology Cultural Geography Economic Geography Environmental Studies Geographic Thought Geomorphology GIS Physical Geography/General Political Ecology Political Geography Quantitative Methods Recreation and Tourism Remote Sensing Urban Geography Water Resources",https://geography.uoregon.edu/graduate/,OR,University of Oregon,,Department of Geography,College of Arts and Sciences,x,x,,,x,x,x,x,x,,,,,,
,https://www.iup.edu/georegionalplan/undergrad/geography/geography-gis-ba/,PA,Indiana University of Pennsylvania,,Department of Geography and Regional Planning,College of Humanities and Social Sciences,x,,,,,x,x,,,,x,,,BA Geography and Geographic Information Science,
Cartography Energy Environmental Studies GIS Physical Geography/General Planning (Regional/Urban) Political Geography Remote Sensing Urban Geography Water Resources,https://www.johnstown.pitt.edu/academics/majors-programs/social-sciences/geography,PA,University of Pittsburgh at Johnstown,,Department of Geography,Social Sciences Division,x,x,,,,x,,,,,,,,,
,https://www.ship.edu/academics/colleges/cas/programs/geo-ess/majors/,PA,Shippensburg University of Pennsylvania,,Department of Geography and Earth Science,College of Arts and Sciences,x,,,,x,,,,,,x,,,BS Geography-Geographic Information,
"Agricultural Geography
Applied Geography
Biogeography
Cartography
Climatology/Meteorology
Conservation, Land Use, Resource Management
Cultural Ecology
Cultural Geography
Distance/Online Degree Program
Economic Development
Economic Geography
Energy
Environmental Studies
Gender
Geographic Education
Geographic Thought
GIS
GIS Certificate Program
Hazards
Location Theory
Medical Geography
Physical Geography/General
Planning (Regional/Urban)
Political Ecology
Political Geography
Population Geography
Quantitative Methods
Regional Development
Remote Sensing
Rural Geography
Social Geography
Urban Geography
Water Resources",https://www.geog.psu.edu/,PA,Pennsylvania State University,,Department of Geography,College of Earth and Mineral Sciences,x,x,,,x,x,x,,x,,,,,,
Cartography Climatology/Meteorology Cultural Geography Economic Geography GIS GIS Certificate Program Hazards Physical Geography/General Planning (Regional/Urban) Political Geography Remote Sensing Transportation and Communication,https://www.kutztown.edu/academics/colleges-and-departments/liberal-arts-and-sciences/departments/geography/program-and-course-information/bachelor-of-arts-in-geography.html,PA,Kutztown University of Pennsylvania,,Department of Geography,College of Liberal Arts and Sciences,x,x,,,,x,,,,,,,,,
,https://www.wcupa.edu/business-PublicManagement/geographyPlanning/,PA,West Chester University,,Department of Geography and Planning,College of Business and Public Management,x,,,,x,,x,,,,,,,,
"Cartography Climatology/Meteorology Conservation, Land Use, Resource Management Economic Development Economic Geography Environmental Studies Gender GIS GIS Certificate Program Hazards Medical Geography Planning (Regional/Urban) Population Geography Quantitative Methods Regional Development Recreation and Tourism Remote Sensing Social Geography Transportation and Communication Urban Geography Water Resources",https://liberalarts.temple.edu/academics/departments-and-programs/geography-and-urban-studies,PA,Temple University,,Department of Geography and Urban Studies,College of Liberal Arts,x,,,,,x,,x,x,,x,,,BA in Geography and Urban Studies,
"Climatology/Meteorology Conservation, Land Use, Resource Management Environmental Studies Geomorphology GIS Hazards Medical Geography Physical Geography/General Planning (Regional/Urban) Population Geography Remote Sensing Urban Geography Water Resources",https://www1.villanova.edu/university/liberal-arts-sciences/programs/geography-environment.html,PA,Villanova University,,Department of Geography and the Environment,College of Liberal Arts and Sciences,x,,,,,x,,,,,,,,,
Biogeography Climatology/Meteorology Cultural Geography Economic Development Economic Geography Energy Environmental Studies Geographic Education Geomorphology GIS Hazards Historical Geography Political Ecology Political Geography Remote Sensing Social Geography Urban Geography Water Resources,https://sc.edu/study/colleges_schools/artsandsciences/geography/index.php,SC,University of South Carolina,,Department of Geography,College of Arts and Sciences,x,x,,,x,x,x,x,x,,,,,,
Distance/Online Degree Program GIS GIS Certificate Program Physical Geography/General Political Geography Remote Sensing,https://www.sdstate.edu/geography-and-geospatial-sciences,SD,South Dakota State University,,Department of Geography and Geospatial Sciences,College of Natural Sciences,x,,,,x,x,x,,,,,,,,
Biogeography Cultural Geography GIS Physical Geography/General Social Geography Transportation and Communication Urban Geography,https://geography.utk.edu/,TN,"University of Tennessee, Knoxville",,Department of Geography,College of Arts and Sciences,x,x,,,,x,x,,x,,,,,,
Climatology/Meteorology Cultural Geography Economic Geography Environmental Studies Geomorphology GIS Physical Geography/General Remote Sensing Social Geography Urban Geography,https://www.depts.ttu.edu/geosciences/geog/index.php,TX,Texas Tech University,,Department of Geosciences,College of Arts and Sciences,,,,,,x,x,,,,,,,,
Applied Geography Cartography GIS GIS Certificate Program Quantitative Methods Remote Sensing Urban Geography,https://www.tarleton.edu/hsgg/geography.html,TX,Tarleton State University,,"Department of History, Sociology, Geography and GIS",College of Liberal and Fine Arts,x,,,,x,,,,,,x,,,BS Geography and Geographic Information Systems,
Cultural Geography Economic Geography Environmental Studies GIS Hazards Physical Geography/General Planning (Regional/Urban) Recreation and Tourism Urban Geography,https://addran.tcu.edu/geography/academics/majors-and-minors.php,TX,Texas Christian University,,Department of Geography,AddRan College of Liberal Arts,x,x,,,,x,,,,,,,,,
"Applied Geography Biogeography Conservation, Land Use, Resource Management Cultural Ecology Economic Development Economic Geography Energy Environmental Studies Geographic Thought Geomorphology GIS GIS Certificate Program Hazards Medical Geography Physical Geography/General Political Geography Quantitative Methods Remote Sensing Social Geography Water Resources",https://geography.unt.edu/,TX,University of North Texas,,Department of Geography and the Environment,College of Liberal Arts and Social Sciences,x,,,,x,x,x,,,,,,,,
,https://www.dallascollege.edu/cd/credit/geography/bhc/pages/default.aspx,TX,Brookhaven College,Geography,,School of Law and Public Service,,,x,,,,,,,,,,,,
"Biogeography, Cartography, Conservation, Land Use, Resource Management, Cultural Geography, Distance/Online Degree Program, Energy, Environmental Studies, Geographic Education, Geomorphology, GIS, GIS Certificate Program, Historical Geography, Medical Geography, Physical Geography (General), Recreation and Tourism, Remote Sensing, Social Geography, Transportation and Communication, Urban Geography, Water Resources",https://www.shsu.edu/programs/bachelor-degree-in-geography/index.html,TX,Sam Houston State University,,Department of Environmental and Geosciences,College of Science and Engineering Technology,,,,,x,x,,,,,,,,,
Distance/Online Degree Program Environmental Studies Geographic Education GIS GIS Certificate Program Physical Geography/General Quantitative Methods Remote Sensing Urban Geography Water Resources,https://geography.tamu.edu/,TX,Texas A&M University,,Department of Geography,College of Geosciences,x,x,,,x,,x,,x,,,,,,
"Applied Geography Conservation, Land Use, Resource Management Cultural Geography Distance/Online Degree Program Environmental Studies Gender Physical Geography/General",https://www.alamo.edu/nvc/academics/programs/social-sciences/geography/,TX,Northwest Vista College,Geography and Environmental Sustainability, ,Division of Social Sciences,,,x,x,,,,,,x,,,,AS Geography and Environmental Sustainability,
Cultural Geography Economic Geography Environmental Studies GIS Historical Geography Physical Geography/General Political Geography Social Geography Urban Geography,https://catalog.utsa.edu/undergraduate/liberalfinearts/politicalscienceandgeography/#degreestext,TX,University of Texas at San Antonio,,Department of Political Science and Geography,College of Liberal and Fine Arts,x,,,,,x,,,,,x,,,BA Geography and Environmental Sustainability,
,https://www.alamo.edu/nvc/academics/programs/social-sciences/geography/,TX,San Antonio College,,Department of Geography,Humanities and Social Sciences Division,x,,x,,,,,,,,,,,,
"Agricultural Geography Biogeography Climatology/Meteorology Conservation, Land Use, Resource Management Cultural Ecology Cultural Geography Economic Development Environmental Studies Gender Geographic Thought Geomorphology GIS Hazards Historical Geography Location Theory Medical Geography Physical Geography/General Planning (Regional/Urban) Political Geography Population Geography Quantitative Methods Regional Development Remote Sensing Rural Geography Transportation and Communication Urban Geography Water Resources",https://liberalarts.utexas.edu/geography/,TX,University of Texas at Austin,,Department of Geography and the Environment,College of Liberal Arts,x,,,,,x,,x,,,,,,,
,"https://www.uhcl.edu/human-sciences-humanities/departments/social-cultural-sciences/geography/#:~:text=Geography%20courses%20at%20the%20University,their%20cultural%20and%20natural%20environments.",TX,"University of Houston, Clear Lake",,Department of Social and Cultural Sciences,College of Human Sciences and Humanities,,,,,x,,,,,,,,,,
,https://learning.hccs.edu/programs/geography,TX,Houston Community College,Geography,,Social and Behavioral Sciences Area of Study,,,x,,,,,,,,,,,,
Biogeography Economic Geography Environmental Studies Geomorphology GIS GIS Certificate Program Hazards Medical Geography Physical Geography/General Population Geography Quantitative Methods Remote Sensing Urban Geography,https://geog.utah.edu/,UT,University of Utah,,Department of Geography,College of Social and Behavioral Science,x,x,,,x,x,x,,x,,,,,,
"Applied Geography Conservation, Land Use, Resource Management Cultural Ecology Cultural Geography Distance/Online Degree Program Environmental Studies GIS GIS Certificate Program Hazards Physical Geography/General Planning (Regional/Urban) Political Ecology Political Geography Quantitative Methods Recreation and Tourism Remote Sensing",,UT,Utah State University ,,Department of Environment and Society,S.J. and Jessie E. Quinney College of Natural Resources, ,,,,x,,x,,,,,,,,
,http://www.middlebury.edu/academics/geog,VT,Middlebury College,,Department of Geography,,x,x,,,,x,,,,,,,,,
"Biogeography Climatology/Meteorology Conservation, Land Use, Resource Management Cultural Ecology Environmental Studies Gender Geomorphology GIS Physical Geography/General Planning (Regional/Urban) Political Ecology Remote Sensing Rural Geography Social Geography Transportation and Communication Urban Geography Water Resources",https://www.uvm.edu/cas/geography,VT,University of Vermont,,Department of Geography,College of Arts and Sciences,x,x,,,,x,,,,,,,,,
,https://science.gmu.edu/academics/departments-units/geography-geoinformation-science,VA,George Mason University,,Department of Geography and Geoinformation Science,College of Science,x,,,,x,x,,,,,,,,,
,https://www.jmu.edu/gs/program/concentrations.shtml,VA,James Madison University,,Department of Integrated Science and Technology,College of Integrated Science and Engineering,,,,,x,x,,,,,,,,,
,https://cas.umw.edu/geography/programs/,VA,University of Mary Washington,,Department of Geography,College of Arts and Sciences,x,x,,,,x,,,,,,,,,
"Biogeography Cartography Climatology/Meteorology Conservation, Land Use, Resource Management Environmental Studies Gender Geomorphology GIS GIS Certificate Program Hazards Medical Geography Physical Geography/General Population Geography Quantitative Methods Remote Sensing Urban Geography Water Resources",https://geography.vt.edu/,VA,Virginia Tech,,Department of Geography,College of Natural Resources and Environment,x,x,,,,x,x,,,,,,,,
"Cartography Climatology/Meteorology Conservation, Land Use, Resource Management Economic Geography GIS Physical Geography/General Political Ecology Political Geography Remote Sensing",https://geography.richmond.edu/,VA,University of Richmond,,Department of Geography and the Environment,School of Arts and Sciences,x,,,,,x,,,,,,,,,
"Cartography Climatology/Meteorology Conservation, Land Use, Resource Management Cultural Geography Distance/Online Degree Program Environmental Studies Geographic Education GIS GIS Certificate Program Hazards Historical Geography Medical Geography Physical Geography/General Planning (Regional/Urban) Political Geography Remote Sensing Urban Geography",https://www.odu.edu/pols-geog/geography.html.html,VA,Old Dominion University,,Department of Political Science and Geography,College of Arts and Letters,x,,,,,x,,,,,,,,,
,https://geography.washington.edu/,WA,University of Washington,,Department of Geography,College of Arts and Sciences,x,x,,,,x,,x,x,,,,,,
,https://www.marshall.edu/geography/,WV,Marshall University,,Department of Geography,College of Liberal Arts,x,x,,,x,x,x,x,,,,,,,
,https://www.geo.wvu.edu/home,WV,West Virginia University,,Department of Geology and Geography,Eberly College of Arts and Sciences,x,,,,,x,,x,x,,,,,,
"Applied Geography, Cartography, Climatology/Meteorology, Cultural Geography, Economic Geography, GIS, GIS Certificate Program, Historical Geography, Physical Geography (General), Political Geography, Quantitative Methods, Remote Sensing, Urban Geography",https://www.uwrf.edu/programs/geography-and-geographic-information-science,WI,"University of Wisconsin, River Falls",,"Department of Politics, International Studies and Geography",College of Arts and Sciences,x,,,,x,x,,,,,,,,,
"Applied Geography Biogeography Cartography Climatology/Meteorology Conservation, Land Use, Resource Management Cultural Geography Economic Geography Environmental Studies Geographic Thought Geomorphology GIS GIS Certificate Program Hazards Historical Geography Physical Geography/General Planning (Regional/Urban) Political Geography Quantitative Methods Recreation and Tourism Remote Sensing Rural Geography Urban Geography Water Resources",https://www.uwec.edu/academics/college-arts-sciences/departments-programs/geography-anthropology/,WI,"University of Wisconsin, Eau Claire",,Department of Geography and Anthropology,College of Arts and Sciences,x,,,,x,x ,,,,,,,,,
"Applied Geography Biogeography Cartography Climatology/Meteorology Conservation, Land Use, Resource Management Cultural Geography Economic Geography Environmental Studies Geographic Thought Geomorphology GIS Hazards Physical Geography/General Planning (Regional/Urban) Political Geography Population Geography Quantitative Methods Remote Sensing Transportation and Communication Urban Geography Water Resources",https://www.uwlax.edu/geography-and-earth-science/undergraduate-majorsminors/,WI,"University of Wisconsin, La Crosse",,Department of Geography and Earth Science,College of Science and Health,x,,,,x,x ,,,,,,,,,
,https://geography.wisc.edu/,WI,"University of Wisconsin, Madison",,Department of Geography,College of Letters and Science,x,x,,,x,x ,x,,x,,,,,,
Cartography Climatology/Meteorology Cultural Ecology Economic Geography Environmental Studies GIS GIS Certificate Program Historical Geography Medical Geography Physical Geography/General Planning (Regional/Urban) Population Geography Remote Sensing Urban Geography Water Resources,https://www.uww.edu/cls/departments/geography-geology-env-sci,WI,"University of Wisconsin, Whitewater",,"Department of Geography, Geology and Environmental Science",College of Letters and Sciences,x,,,,x,x ,,,,,,,,,
Cultural Ecology Environmental Studies Gender Geographic Education GIS GIS Certificate Program Historical Geography Political Ecology Political Geography Population Geography Urban Geography Water Resources,https://uwosh.edu/bulletins/undergraduate-19-21/departments-and-majors/geography-urban-planning/,WI,"University of Wisconsin, Oshkosh",,Department of Geography,College of Letters and Science,x,x,,,x,x ,,,,,,,,,
Biogeography Climatology/Meteorology Economic Geography Environmental Studies GIS GIS Certificate Program Political Ecology Remote Sensing Urban Geography,https://uwm.edu/geography/,WI,"University of Wisconsin, Milwaukee",,Department of Geography,College of Letters and Science,x,x,,,x,x ,x,x,x,,,,,,
,,,,,,,,,,,,,,,,,,,,,
,,,,,,,,,,,,,,,,,,,,,
,,,,,,,,,,,,,,,,,,,,,
,,,,,,,,,,,,,,,,,,,,,
,,,,,,,,,,,,,,,,,,,,,
,,,,,,,,,,,,,,,,,,,,,
,,,,,,,,,,,,,,,,,,,,,
,,,,,,,,,,,,,,,,,,,,,
,,,,,,,,,,,,,,,,,,,,,
,,,,,,,,,,,,,,,,,,,,,
,,,,,,,,,,,,,,,,,,,,,
,,,,,,,,,,,,,,,,,,,,,
,,,,,,,,,,,,,,,,,,,,,
,,,,,,,,,,,,,,,,,,,,,
,,,,,,,,,,,,,,,,,,,,,
,,,,,,,,,,,,,,,,,,,,,
,,,,,,,,,,,,,,,,,,,,,
,,,,,,,,,,,,,,,,,,,,,
,,,,,,,,,,,,,,,,,,,,,
,,,,,,,,,,,,,,,,,,,,,
,,,,,,,,,,,,,,,,,,,,,
,,,,,,,,,,,,,,,,,,,,,
,,,,,,,,,,,,,,,,,,,,,
,,,,,,,,,,,,,,,,,,,,,
,,,,,,,,,,,,,,,,,,,,,
,,,,,,,,,,,,,,,,,,,,,
,,,,,,,,,,,,,,,,,,,,,
,,,,,,,,,,,,,,,,,,,,,
,,,,,,,,,,,,,,,,,,,,,
,,,,,,,,,,,,,,,,,,,,,
,,,,,,,,,,,,,,,,,,,,,
,,,,,,,,,,,,,,,,,,,,,
,,,,,,,,,,,,,,,,,,,,,
,,,,,,,,,,,,,,,,,,,,,
,,,,,,,,,,,,,,,,,,,,,
,,,,,,,,,,,,,,,,,,,,,
,,,,,,,,,,,,,,,,,,,,,
,,,,,,,,,,,,,,,,,,,,,
,,,,,,,,,,,,,,,,,,,,,
,,,,,,,,,,,,,,,,,,,,,
,,,,,,,,,,,,,,,,,,,,,
,,,,,,,,,,,,,,,,,,,,,
,,,,,,,,,,,,,,,,,,,,,
,,,,,,,,,,,,,,,,,,,,,
,,,,,,,,,,,,,,,,,,,,,
,,,,,,,,,,,,,,,,,,,,,
,,,,,,,,,,,,,,,,,,,,,
,,,,,,,,,,,keeping combined names that include geography or geographic. not geospatial ,,,,,,,,,,