state,inst,prgm,dept,admin,geog_name,geog_dept,AA,ASc,BS,BA,MS,MA,PhD,Associates Degree in Geography/Geographic Sciences and another subject,Bachelors Degree in Geography/Geographic Sciences and another subject,Masters Degree in Geography and another subject,PhD Degree in Geography and another subject,disc,link
AL,University of Alabama,,Department of Geography,College of Arts and Sciences,x,x,,,x,x,x,,x,,,,,"Applied Geography Biogeography Cartography Climatology/Meteorology Conservation, Land Use, Resource Management Cultural Ecology Economic Development Environmental Studies Geomorphology GIS GIS Certificate Program Hazards Location Theory Physical Geography/General Planning (Regional/Urban) Political Ecology Quantitative Methods Remote Sensing Transportation and Communication Water Resources",https://geography.ua.edu/
AL,Auburn University,,Department of Geosciences,College of Science and Mathematics,,,,,,x,x,,,,,,,"Applied Geography Biogeography Cartography Climatology/Meteorology Conservation, Land Use, Resource Management Economic Development Economic Geography Energy Environmental Studies Geographic Education Geographic Thought Geomorphology GIS GIS Certificate Program Hazards Location Theory Physical Geography/General Planning (Regional/Urban) Political Geography Population Geography Quantitative Methods Remote Sensing Urban Geography Water Resources",http://www.auburn.edu/academic/cosam/departments/geosciences/academics/index.htm
AL,University of North Alabama,,Department of Geography,"College of Arts, Sciences, and Engineering",x,x,,,x,x,,,,,,,,"Agricultural Geography Applied Geography Biogeography Cartography Climatology/Meteorology Conservation, Land Use, Resource Management Cultural Ecology Cultural Geography Distance/Online Degree Program Economic Development Economic Geography Energy Environmental Studies Geographic Education Geographic Thought Geomorphology GIS GIS Certificate Program Hazards Historical Geography Location Theory Physical Geography/General Planning (Regional/Urban) Political Ecology Political Geography Population Geography Quantitative Methods Regional Development Recreation and Tourism Remote Sensing Rural Geography Social Geography Transportation and Communication Urban Geography",https://www.una.edu/geography/Undergrad/geography-major/index.html
AK ,University of Alaska Fairbanks,,Department of Geosciences ,"
College of Natural Science and Mathematics",,,,,x,x,x,x,x,,,,,,https://www.uaf.edu/geosciences/academics/geography/index.php
AZ,Arizona State University,,,The College of Liberal Arts and Sciences,,,,,x,x,,x,x,,,,,"Applied Geography Climatology/Meteorology Conservation, Land Use, Resource Management Cultural Geography Distance/Online Degree Program Economic Development Economic Geography Energy Geographic Thought Geomorphology GIS GIS Certificate Program Hazards Location Theory Physical Geography/General Planning (Regional/Urban) Quantitative Methods Remote Sensing Transportation and Communication Urban Geography Water Resources",https://sgsup.asu.edu/degree-programs/undergraduate-degrees
AZ,University of Arizona,,"Department of Geography, Planning, and Recreation",College of Social and Behavioral Sciences,x,,,,x,x,,x,x,,,,,Biogeography Cartography Cultural Geography Distance/Online Degree Program Economic Geography Energy Environmental Studies Gender Geographic Education GIS GIS Certificate Program Physical Geography/General Planning (Regional/Urban) Political Ecology Political Geography Population Geography Quantitative Methods Regional Development Remote Sensing Rural Geography Social Geography Transportation and Communication Urban Geography Water Resources,https://geography.arizona.edu/undergraduate-overview
AZ,Northern Arizona University,,,College of Social and Behavioral Sciences,x,,,,x,,,,,,x,,,,https://nau.edu/gpr/home/geography-planning-programs/
AZ,Mesa Community College,,Department of Cultural Science,,,,x,x,,,,,,,,,,,https://www.mesacc.edu/departments/cultural-science/geography
AR,"University of Arkansas, Fayetteville",,Department of Geosciences,Fulbright College of Arts and Sciences,,,,,,x,x,,,,,,,Cartography Climatology/Meteorology GIS GIS Certificate Program Hazards Political Geography Remote Sensing Urban Geography,https://fulbright.uark.edu/departments/geosciences/
CA,Humboldt State University,,"Department of Geography, Environment and Spatial Analysis","College of Arts, Humanities and Social Sciences",x,,,,,x,,,,,,,,Applied Geography Biogeography Climatology/Meteorology Cultural Geography Distance/Online Degree Program Environmental Studies Gender GIS GIS Certificate Program Political Ecology Political Geography,https://catalog.humboldt.edu/preview_program.php?catoid=5&poid=1174
CA,"California State University, Chico",,Department of Geography and Planning,College of Behavioral and Social Sciences,x,,,,x,x,,,,,,,,"Cartography Conservation, Land Use, Resource Management GIS GIS Certificate Program Physical Geography/General Planning (Regional/Urban) Regional Development Transportation and Communication Urban Geography Water Resources",https://www.csuchico.edu/geop/programs/majors.shtml
CA,Sonoma State University,,"Department of Geography, Environment, and Planning",School of Social Sciences,x,,,,x,x, ,,,,x,,,"Applied Geography Biogeography Climatology/Meteorology Conservation, Land Use, Resource Management Cultural Ecology Cultural Geography Energy Environmental Studies Geomorphology GIS Hazards Physical Geography/General Planning (Regional/Urban) Political Ecology Political Geography Quantitative Methods Remote Sensing Social Geography Transportation and Communication Urban Geography Water Resources",http://gep.sonoma.edu/
CA,"University of California, Davis",,Department of Human Ecology,College of Agricultural and Environmental Sciences,,,,,,,,x,x,,,,,"Agricultural Geography Applied Geography Biogeography Climatology/Meteorology Conservation, Land Use, Resource Management Cultural Geography Economic Geography Environmental Studies Gender GIS Historical Geography Medical Geography Physical Geography/General Political Ecology Political Geography Quantitative Methods Regional Development Remote Sensing Rural Geography Social Geography Transportation and Communication Urban Geography Water Resources",https://geography.ucdavis.edu/
CA,"California State University, Sacramento ",,Department of Geography,College of Natural Sciences and Mathematics,x,x,,,,x,,,,,,,,Applied Geography Biogeography Cartography Climatology/Meteorology Cultural Geography Geographic Education Geographic Thought GIS Physical Geography/General Planning (Regional/Urban) Political Geography Population Geography Quantitative Methods Remote Sensing Rural Geography Social Geography Transportation and Communication Urban Geography,https://www.csus.edu/college/natural-sciences-mathematics/geography/
CA,Cosumnes River College,Geography,,"Science, Engineering, and Math Community",,,x,x,,,,,,,,,,Climatology/Meteorology Cultural Geography Environmental Studies GIS GIS Certification Program Physical Geography/General,https://crc.losrios.edu/academics/programs-and-majors/geography
CA,"University of California, Berkeley",,Department of Geography,College of Letters and Science ,x,x,,,,x,,,x,,,,,"Biogeography Cartography Climatology/Meteorology Conservation, Land Use, Resource Management Cultural Geography Economic Development Economic Geography Environmental Studies Gender Geographic Thought Geomorphology GIS Physical Geography/General Political Ecology Political Geography Quantitative Methods Remote Sensing Rural Geography Social Geography Urban Geography Water Resources",https://geography.berkeley.edu/our-department
CA,San Francisco State University,,Department of Geography and Environment,College of Science and Engineering,x,,,,,x,,x,,,,,,"Agricultural Geography Applied Geography Biogeography Cartography Climatology/Meteorology Conservation, Land Use, Resource Management Cultural Geography Economic Geography Environmental Studies Gender Geographic Thought Geomorphology GIS GIS Certificate Program Hazards Historical Geography Medical Geography Physical Geography/General Planning (Regional/Urban) Political Geography Quantitative Methods Remote Sensing Social Geography Transportation and Communication Urban Geography Water Resources",https://geog.sfsu.edu/
CA,Laney College,,Department of Human and Physical Sciences,,,,x,,,,,,,,,,,"Agricultural Geography Applied Geography Biogeography Climatology/Meteorology Conservation, Land Use, Resource Management Cultural Ecology Cultural Geography Distance/Online Degree Program Economic Geography Energy Environmental Studies Geographic Education Geographic Thought Geomorphology Hazards Physical Geography/General Population Geography Quantitative Methods Recreation and Tourism Social Geography Urban Geography Water Resources",https://laney.edu/instruction/degrees-certificates-laney-college/
CA,San Jose State University,,Department of Urban and Regional Planning,College of Social Sciences,,,,,,x,,x,,,,,,"Applied Geography Cartography Conservation, Land Use, Resource Management Cultural Geography Distance/Online Degree Program Economic Development Economic Geography Energy Environmental Studies Gender Geographic Education Geographic Thought GIS GIS Certificate Program Hazards Historical Geography Medical Geography Physical Geography/General Planning (Regional/Urban) Political Geography Population Geography Quantitative Methods Regional Development Recreation and Tourism Remote Sensing Rural Geography Social Geography Transportation and Communication Urban Geography Water Resources",https://www.sjsu.edu/urbanplanning/
CA,"California State University, East Bay",,"Department of Anthropology, Geography and Environmental Studies","College of Letters, Arts, and Social Sciences",x,,,,x,,,,,,,,,,https://catalog.csueastbay.edu/preview_entity.php?catoid=19&ent_oid=1689&returnto=12552
CA,Cabrillo College,,Department of Geography,Human Arts and Social Sciences Division,x,,x,,,,,,,,,,,,
CA,Modesto Junior College,Geography,,"Business, Behavioral, and Social Sciences Division",,,x,,,,,,,,,,,,https://www.mjc.edu/instruction/bbss/
CA,Las Positas College,Geography,,"Science, Technology, Engineering and Math Community",,,x,,,,,,,,,,,,http://www.laspositascollege.edu/geography/index.php
CA,"California State University, Stanislaus",,"Department of Geography and Environmental Resources
","College of the Arts, Humanities and Social Sciences",x,,,,x,,,,,,x,,,"Applied Geography Conservation, Land Use, Resource Management Environmental Studies GIS","www.csustan.edu/geography/

"
CA,"California State University, Fresno",,Department of Geography and City and Regional Planning,College of Social Sciences,x,,,,,,,,,,,,,,http://www.fresnostate.edu/socialsciences/geography/
CA,"University of California, Santa Barbara",,Department of Geography,College of Letters and Science,x,x,,,x,x,,x,x,,,,,"Agricultural Geography Biogeography Cartography Climatology/Meteorology Conservation, Land Use, Resource Management Cultural Geography Economic Development Economic Geography Energy Environmental Studies Geographic Thought Geomorphology GIS Location Theory Physical Geography/General Planning (Regional/Urban) Political Geography Population Geography Quantitative Methods Regional Development Remote Sensing Rural Geography Social Geography Transportation and Communication Urban Geography Water Resources",https://www.geog.ucsb.edu/
CA,"California State University, Northridge",,Department of Geography and Enviromental Studies,College of Social and Behavioral Sciences,x,,,,,x,,x,,,,,,Applied Geography Cartography Climatology/Meteorology Cultural Geography Environmental Studies Geographic Education Geomorphology GIS Medical Geography Physical Geography/General Population Geography Remote Sensing Water Resources,https://www.csun.edu/social-behavioral-sciences/geography-environmental-studies
CA,Los Angeles Pierce College,,Department of Anthropological and Geographical Sciences,School of Social Sciences and Community,x,,x,,,,,,,,,,,,http://www.piercecollege.edu/departments/anthropology_geography/
CA,Los Angeles Valley College,,Department of Earth Sciences,,,,x,,,,,,,,,,,,https://lavc.edu/earthScience/Index.html
CA,"University of California, Los Angeles",,Department of Geography,College of Social Sciences,x,x,,,,x,,x,x,,x,,,"Agricultural Geography Applied Geography Biogeography Climatology/Meteorology Conservation, Land Use, Resource Management Cultural Ecology Cultural Geography Distance/Online Degree Program Economic Development Economic Geography Environmental Studies Gender Geographic Education Geographic Thought Geomorphology GIS GIS Certificate Program Hazards Historical Geography Location Theory Medical Geography Physical Geography/General Planning (Regional/Urban) Political Ecology Political Geography Population Geography Quantitative Methods Regional Development Remote Sensing Rural Geography Social Geography Transportation and Communication Urban Geography Water Resources",https://geog.ucla.edu/
CA,West Los Angeles College,Geography,,Science Division,,,,x,,,,,,,,,,,http://www.wlac.edu/Science/Geography.aspx
CA,Pasadena City College,Geography,,Natural Sciences Division,,,x,,,,,,,,,,,Applied Geography Biogeography Cartography Cultural Geography Distance/Online Degree Program GIS GIS Certification Program,https://pasadena.edu/academics/divisions/natural-sciences/areas-of-study/geography.php
CA,"California State University, Los Angeles",,Department of Geosciences and Environment,College of Natural and Social Sciences,,,,,,x,,x,,,,,,,https://www.calstatela.edu/academic/geos
CA,East Los Angeles College,,"Department of Anthropology, Geography, Geology",,x,,x,,,,,,,,,,,Cultural Geography  Environmental Studies  Physical Geography/General  Urban Geography,"https://www.elac.edu/Academics/Departments/Anthropology,-Geography,-Geology"
CA,"California State University, Dominguez Hills",,Department of Earth Science and Geography,College of Natural and Behavioral Sciences,x,,,,,x,,,,,,,,,https://www.csudh.edu/university-catalog/2015-16/geography/
CA,Long Beach City College,,Department of Social Sciences,,,,x,,,,,,,,,,,Climatology/Meteorology Cultural Geography Economic Geography GIS Physical Geography/General,https://www.lbcc.edu/program-geography
CA,"California State University, Long Beach",,Department of Geography,College of Liberal Arts,x,x,,,,x,,x,,,,,,"Biogeography  Cartography  Climatology/Meteorology  Conservation, Land Use, Resource Management  Cultural Ecology  Cultural Geography  Economic Geography  Environmental Studies  Gender  Geographic Education  Geographic Thought  Geomorphology  GIS  Historical Geography  Physical Geography/General  Planning (Regional/Urban)  Political Ecology  Political Geography  Quantitative Methods  Remote Sensing  Social Geography  Urban Geography  Water Resources",https://cla.csulb.edu/departments/geography/
CA,Fullerton College,,Department of Geography,Social Science Division,x,x,x,,,,,,,,,,,,https://socsci.fullcoll.edu/geography/
CA,"California State University, Fullerton",,Department of Geography and the Environment,College of Humanities and Social Sciences,x,,,,,,,,,,,,,,http://geography.fullerton.edu/
CA,Orange Coast College,,Department of Geography,School of Social and Behavioral Sciences,x,x,x,,,x,,,,,,,,Applied Geography Climatology/Meteorology Cultural Geography Geographic Education GIS Physical Geography/General,https://prod.orangecoastcollege.edu/academics/social-behavioral/index.html
CA,"California State Polytechnic University, Pomona",,Department of Geography and Anthropology,"College of Letters, Arts, and Social Sciences",x,,,,x,,,,,,,,,"Agricultural Geography Applied Geography Biogeography Cartography Climatology/Meteorology Conservation, Land Use, Resource Management Cultural Geography Economic Development Economic Geography Environmental Studies Gender Geographic Thought GIS Historical Geography Physical Geography/General Planning (Regional/Urban) Regional Development Recreation and Tourism Remote Sensing Rural Geography Urban Geography Water Resources",https://www.cpp.edu/class/geography-anthropology/degree-programs/geography.shtml
CA,Chaffey College,,Department of Geography,"Public Service, Culture and Society Community",x,x,x,,,,,,,,,,,,https://www.chaffey.edu/acc/pcs/pcs-academic/geography.php
CA,San Bernardino Valley College,,Department of Geography,,x,x,x,x,,,,,,,,,,,https://www.valleycollege.edu/academic-career-programs/degrees-certificates/geography/
CA,Crafton Hills College,Geography,,Physical and Biological Sciences Division,,,x,x,,,,,,,,,,,https://www.craftonhills.edu/academic-and-career-programs/divs-and-depts/social-info-and-natural-sciences/physical-and-biological-sciences/geography/
CA,Mount San Jacinto College,Geography and Geographic Information Science, ,"People, Culture and Public Service Pathway ",,,x,,,,,,,,,,,,https://www.msjc.edu/geographyandgis/index.html
CA,College of the Desert,,Department of Social Sciences,School of Social Sciences and Art,,,x,,,,,,,,,,,,http://catalog.collegeofthedesert.edu/programs/social-sciences/aa-geography-transfer/
CA,"California State University, San Marcos",,Department of Liberal Studies,"College of Humanities, Arts, Behavioral and Social Sciences ",,,,,,x,,,,,,,,"Agricultural Geography Applied Geography Biogeography Climatology/Meteorology Conservation, Land Use, Resource Management Cultural Geography Economic Geography Environmental Studies Geographic Education GIS GIS Certificate Program Physical Geography/General Planning (Regional/Urban) Political Ecology Political Geography Quantitative Methods Regional Development Remote Sensing Water Resources",https://www.csusm.edu/geography/index.html
CA,Palomar College,,"Department of Earth, Space, and Environmental Sciences",,,,x,,,,,,,,,,,Cartography Climatology/Meteorology Cultural Geography Environmental Studies Geographic Education GIS GIS Certificate Program Hazards Physical Geography/General Remote Sensing,https://www2.palomar.edu/pages/geography/geography-degree/
CA,San Diego Mesa College,,Department of Social Sciences,,,,x,,,,,,,,,,,,https://www.sdmesa.edu/academics/schools-departments/geography/certificates-degrees.shtml
CA,San Diego State University,,Department of Geography,College of Arts and Letters,x,x,,,,x,x,x,x,,,,,"Applied Geography Biogeography Cartography Climatology/Meteorology Conservation, Land Use, Resource Management Cultural Ecology Cultural Geography Environmental Studies Geographic Education GIS GIS Certificate Program Physical Geography/General Planning (Regional/Urban) Quantitative Methods Remote Sensing Urban Geography Water Resources",https://geography.sdsu.edu/
CA,Southwestern College,Geography,,"Science, Technology, Engineering and Mathematics Division",,,x,,,,,,,,,,,,https://www.swccd.edu/programs-and-academics/programs/geography.aspx
CO,Colorado State University,,Department of Anthropology and Geography,College of Liberal Arts,x,,,,,x,,,,,,,,"Applied Geography Biogeography Cartography Climatology/Meteorology Conservation, Land Use, Resource Management Cultural Geography Economic Development Gender GIS Hazards Physical Geography/General Political Ecology Political Geography Remote Sensing",https://catalog.colostate.edu/general-catalog/colleges/liberal-arts/anthropology-geography/geography-major/
CO,Front Range Community College,,"Department of Social Science (Boulder County Campus), Department of Social and Behavioral Sciences (Larimer Campus), Department of Science and Technology (Westminster Campus)","Social Science, Education and Public Service Division",,,x,,,,,,,,,,,Applied Geography Climatology/Meteorology Cultural Geography Environmental Studies GIS GIS Certificate Program Physical Geography/General,https://www.frontrange.edu/programs-and-courses/academic-programs/cacs/social-science-education-public-service
CO,Aims Community College,Geography,,,,,x,,,,,,,,,,,,https://www.aims.edu/academics/social-sciences/geography/
CO,University of Northern Colorado,,"Department of Geography, GIS, and Sustainability",College of Humanities and Social Sciences,x,,,,,x,,,,,,,,"Applied Geography Biogeography Cartography Conservation, Land Use, Resource Management Cultural Ecology Cultural Geography Economic Geography Energy Environmental Studies Geographic Education GIS GIS Certificate Program Physical Geography/General Planning (Regional/Urban) Political Geography Population Geography Quantitative Methods Regional Development Remote Sensing Rural Geography Social Geography Transportation and Communication Urban Geography Water Resources",https://www.unco.edu/hss/geography-gis-sustainability/
CO,"University of Colorado, Boulder",,Department of Geography,College of Arts and Sciences,x,x,,,,x,,x,x,,,,,"Biogeography Cartography Climatology/Meteorology Conservation, Land Use, Resource Management Cultural Ecology Cultural Geography Economic Development Economic Geography Environmental Studies Gender Geographic Thought Geomorphology GIS GIS Certificate Program Hazards Medical Geography Physical Geography/General Political Ecology Political Geography Population Geography Quantitative Methods Regional Development Recreation and Tourism Remote Sensing Social Geography Urban Geography Water Resources",https://www.colorado.edu/geography/
CO,"University of Colorado, Denver",,Department of Geography and Environmental Sciences,College of Liberal Arts and Sciences,x,,,,,x,,x,x,,,x,,"Applied Geography Biogeography Cartography Climatology/Meteorology Conservation, Land Use, Resource Management Economic Development Economic Geography Environmental Studies Geographic Education Geomorphology GIS GIS Certificate Program Hazards Historical Geography Medical Geography Physical Geography/General Planning (Regional/Urban) Political Ecology Quantitative Methods Regional Development Recreation and Tourism Remote Sensing Rural Geography Social Geography Transportation and Communication Urban Geography Water Resources",https://clas.ucdenver.edu/ges/
CO,Metropolitan State University of Denver,,Department of Earth and Atmospheric Sciences,"College of Letters, Arts and Sciences", ,,,,,x,,,,,,,,,https://temp.msudenver.edu/eas/geography-program/gegadvising/
CO,Community College of Denver,Geography,,"Arts, Humanities and Design Pathway",,,x,,,,,,,,,,,,"https://www.ccd.edu/program/geography#:~:text=The%20program%20also%20delves%20into,Bachelor%20of%20Arts%20in%20geography."
CO,"University of Colorado, Colorado Springs",,Department of Geography and Environmental Studies,"College of Letters, Arts and Sciences",x,,,,,x,,x,,,,,,Applied Geography Biogeography Cultural Geography Environmental Studies Geomorphology GIS Certificate Program Physical Geography/General Political Ecology Population Geography Remote Sensing Social Geography Urban Geography Water Resources,https://ges.uccs.edu/
CT,Manchester Community College,,Department of Global Studies,"Social Science, Business and Professional Careers Division",,,x,,,,,,,,,,,Cultural Geography Economic Geography,http://catalog.mcc.commnet.edu/preview_program.php?catoid=12&poid=1789&returnto=1146
CT,University of Connecticut,,Department of Geography,College of Liberal Arts and Sciences,x,x,,,x,x,,x,x,,,,,Applied Geography Cartography Economic Geography Environmental Studies Gender Geographic Thought Geomorphology GIS GIS Certificate Program Location Theory Medical Geography Physical Geography/General Planning (Regional/Urban) Population Geography Regional Development Remote Sensing Urban Geography,https://geography.uconn.edu/
DE,University of Delaware,,Department of Geography and Spatial Sciences,"College of Earth, Ocean and Environment",x,,,,,x,x,x,x,,,,,"Agricultural Geography Applied Geography Cartography Climatology/Meteorology Conservation, Land Use, Resource Management Economic Development Economic Geography Energy Environmental Studies Gender Geographic Education GIS GIS Certificate Program Historical Geography Physical Geography/General Planning (Regional/Urban) Political Ecology Political Geography Quantitative Methods Regional Development Remote Sensing Social Geography Water Resources",https://www.udel.edu/academics/colleges/ceoe/departments/gss/
FL,Florida State University,,Department of Geography,College of Social Sciences and Public Policy,x,x,,,,x,,x,x,,,,,"Biogeography Climatology/Meteorology Conservation, Land Use, Resource Management Cultural Geography Economic Geography Environmental Studies Gender Geographic Thought GIS Medical Geography Physical Geography/General Political Geography Remote Sensing Water Resources",https://geography.fsu.edu/programs/undergraduate/geography/
FL,Santa Fe College,,Department of Social and Behavioral Sciences,,,,x,,,,,,,,,,,,https://www.sfcollege.edu/sbs/disciplines/geography/index
FL,University of Florida,,Department of Geography,College of Liberal Arts and Sciences,x,x,,,x,x,x,x,x,,,,,"Agricultural Geography Applied Geography Biogeography Climatology/Meteorology Conservation, Land Use, Resource Management Economic Development Environmental Studies GIS GIS Certificate Program Medical Geography Physical Geography/General Political Geography Quantitative Methods Remote Sensing Water Resources",http://geog.ufl.edu/
FL,Florida International University,,Department of Global and Sociocultural Studies,Steven J. Green School of International and Public Affairs ,,,,,,x,,,,,,,,Cultural Geography Distance/Online Degree Program Economic Geography Environmental Studies Gender Geographic Thought GIS GIS Certificate Program Hazards Medical Geography Political Ecology Political Geography Quantitative Methods Regional Development Remote Sensing Social Geography Urban Geography Water Resources,https://gss.fiu.edu/undergraduate-programs/ba-in-geography/
FL,University of Miami,,Department of Geography and Sustainable Development,College of Arts and Sciences,x,,,,x,x,,x,,,x,,,"Applied Geography Biogeography Climatology/Meteorology Conservation, Land Use, Resource Management Cultural Geography Economic Development Economic Geography Environmental Studies Gender Geomorphology GIS GIS Certificate Program Hazards Medical Geography Physical Geography/General Planning (Regional/Urban) Political Ecology Political Geography Population Geography Quantitative Methods Regional Development Remote Sensing Social Geography Urban Geography",https://geography.as.miami.edu/index.html
GA,Kennesaw State University,,Department of Geography and Anthropology,Norman J. Radow College of Humanities and Social Sciences,x,,,,,x, ,,,,,,,"Agricultural Geography Applied Geography Biogeography Cartography Conservation, Land Use, Resource Management Cultural Geography Distance/Online Degree Program Economic Geography Environmental Studies Geomorphology GIS GIS Certificate Program Physical Geography/General Population Geography Quantitative Methods Remote Sensing Social Geography Urban Geography",https://radow.kennesaw.edu/geoanth/
GA,Georgia Southern University,,Department of Geology and Geography,College of Science and Mathematics ,x,,,,x,x,,x,,,,,,"Agricultural Geography Applied Geography Biogeography Cartography Conservation, Land Use, Resource Management Cultural Geography Economic Geography Environmental Studies GIS Medical Geography Physical Geography/General Political Ecology Population Geography Quantitative Methods Remote Sensing Urban Geography",https://cosm.georgiasouthern.edu/geo/degrees/
HI,"University of Hawaii, Manoa",,Department of Geography and Environment,College of Social Sciences,x,,,,,x,,x,x,,,,,"Agricultural Geography Applied Geography Biogeography Climatology/Meteorology Conservation, Land Use, Resource Management Cultural Ecology Cultural Geography Economic Development Economic Geography Environmental Studies Geographic Thought Geomorphology GIS GIS Certificate Program Physical Geography/General Planning (Regional/Urban) Political Ecology Political Geography Population Geography Quantitative Methods Regional Development Recreation and Tourism Remote Sensing Rural Geography Social Geography Transportation and Communication Water Resources",https://geography.manoa.hawaii.edu/graduate/
ID,University of Idaho,,Department of Geography,College of Science  ,x,x,,,x,,x,,x,,,,,"Agricultural Geography Applied Geography Biogeography Cartography Climatology/Meteorology Conservation, Land Use, Resource Management Economic Development Economic Geography Energy Geographic Education Geomorphology GIS GIS Certificate Program Hazards Historical Geography Physical Geography/General Planning (Regional/Urban) Political Ecology Political Geography Population Geography Regional Development Remote Sensing Rural Geography Urban Geography Water Resources",https://www.uidaho.edu/sci/geography/academics
IL,Augustana College,,Department of Geography,,x,x,,,,x,,,,,,,,"Cartography Conservation, Land Use, Resource Management Cultural Geography Economic Geography Environmental Studies Geomorphology GIS Historical Geography Physical Geography/General Planning (Regional/Urban) Urban Geography Water Resources",https://www.augustana.edu/academics/areas-of-study/geography
IL,Northern Illinois University,,Department of Geographic and Atmospheric Sciences,College of Liberal Arts and Sciences,x,,,,x,x ,x,,x,,,,,"Applied Geography Climatology/Meteorology Conservation, Land Use, Resource Management GIS GIS Certificate Program Hazards Medical Geography Population Geography Regional Development Remote Sensing Transportation and Communication Urban Geography Water Resources",https://www.niu.edu/clas/geography/index.shtml
IL,Northeastern Illinois University,,Department of Geography and Environmental Studies,College of Arts and Science,x,,,,,x,,x,,,,x,,"Conservation, Land Use, Resource Management Cultural Geography Environmental Studies GIS GIS Certificate Program Planning (Regional/Urban) Social Geography Urban Geography",https://www.neiu.edu/academics/college-of-arts-and-sciences/departments/geography-environmental-studies
IL,Depaul University,,Department of Geography,College of Liberal Arts and Social Sciences,x,x,,,,x,,,,,,,,Environmental Studies GIS GIS Certificate Program Planning (Regional/Urban) Political Ecology Remote Sensing Urban Geography,https://las.depaul.edu/academics/geography/Pages/default.aspx
IL,Illinois State University,,"Department of Geography, Geology and the Environment",Society and Culture Programs,x,,,,x,x,,,,,,,,Biogeography Cartography Climatology/Meteorology Cultural Ecology Cultural Geography Economic Development Environmental Studies Geographic Education GIS Planning (Regional/Urban) Political Ecology Quantitative Methods Regional Development Remote Sensing Social Geography Urban Geography Water Resources,https://geo.illinoisstate.edu/
IL,University of Illinois,,Department of Geography and Geographic Information Science,College of Liberal Arts and Sciences,x,,,,x,x,x,x,x,,,,,"Applied Geography Biogeography Conservation, Land Use, Resource Management Cultural Geography Distance/Online Degree Program Environmental Studies Gender Geographic Education Geographic Thought Geomorphology GIS GIS Certificate Program Location Theory Medical Geography Physical Geography/General Planning (Regional/Urban) Political Geography Quantitative Methods Remote Sensing Social Geography Transportation and Communication Urban Geography Water Resources",http://catalog.illinois.edu/graduate/las/geography-ms/
IL,Eastern Illinois University,,Department of Geology and Geography,College of Liberal Arts and Sciences,x,,,,x,,,,,,,,,Applied Geography Cartography Climatology/Meteorology Cultural Geography Economic Geography Geomorphology GIS GIS Certificate Program Physical Geography/General Quantitative Methods Remote Sensing Water Resources,https://www.eiu.edu/geoscience/geography.php
IL,"Southern Illinois University, Edwardsville",,Department of Geography,College of Arts and Sciences,x,x,,,x,x,x,,,,,,,"Applied Geography Cartography Climatology/Meteorology Conservation, Land Use, Resource Management Cultural Geography Economic Development Geographic Education Geomorphology GIS Hazards Medical Geography Physical Geography/General Political Geography Population Geography Quantitative Methods Remote Sensing Urban Geography Water Resources",https://www.siue.edu/artsandsciences/geography/
IL,Southwestern Illinois College,,"Department of Geography, History, and Political Science",Arts and Sciences Division,x,,,x,,,,,,,,,,,https://www.swic.edu/academics/transfer-degrees/social-science/geography/
IL,"Southern Illinois University, Carbondale",,Department of Geography and Environmental Resources,Science and Mathematics Program ,x,,,,x,,x,,,,x,x,,,https://cola.siu.edu/geography/undergraduate/
IN,Valparaiso University,,Department of Geography and Meteorology,College of Arts and Sciences,x,,,,x,x,,,,,,,,"Applied Geography Biogeography Cartography Climatology/Meteorology Conservation, Land Use, Resource Management Cultural Geography Economic Development Environmental Studies Geographic Education Geomorphology GIS Hazards Historical Geography Physical Geography/General Planning (Regional/Urban) Political Geography Quantitative Methods Regional Development Recreation and Tourism Remote Sensing Rural Geography Urban Geography",https://www.valpo.edu/geography-meteorology/
IN,Ball State University,,Department of Geography,College of Sciences and Humanities,x,x,,,x,x,x,,,,,,,Cartography Climatology/Meteorology GIS GIS Certificate Program Recreation and Tourism,https://www.bsu.edu/academics/collegesanddepartments/geography
IN,"Indiana University - Purdue University, Indianapolis",,Department of Geography,School of Liberal Arts,x,x,,,,x,,,,,,,,Applied Geography Environmental Studies GIS GIS Certificate Program Medical Geography Remote Sensing,https://liberalarts.iupui.edu/geography/
IN,Indiana State University,,Department of Earth and Environmental Systems,College of Arts and Sciences,,,,,x,,,x,,,x,,,,https://www.indstate.edu/cas/ees/undergraduate/majors
IN,Indiana University Bloomington,,Department of Geography,College of Arts and Sciences,x,x,,,x,x,x,x,x,,,,,"Agricultural Geography Climatology/Meteorology Conservation, Land Use, Resource Management Cultural Ecology Economic Development Environmental Studies GIS Political Ecology Political Geography Population Geography Quantitative Methods Regional Development Recreation and Tourism Remote Sensing Rural Geography Urban Geography Water Resources",https://geography.indiana.edu/
IA,University of Northern Iowa,,Department of Geography,College of Social and Behavioral Sciences,x,x,,,x,x,,x,,,,,,"Applied Geography Cartography Conservation, Land Use, Resource Management Cultural Geography Economic Development Economic Geography Energy Environmental Studies Geographic Education Geomorphology GIS GIS Certification Program Hazards Physical Geography/General Planning (Regional/Urban) Population Geography Quantitative Methods Regional Development Remote Sensing Rural Geography Urban Geography Water Resources",https://csbs.uni.edu/geography
IA,University of Iowa,,Department of Geographical and Sustainability Sciences,College of Liberal Arts and Sciences,x,,,,x,x,,x,x,,,,,"Applied Geography Biogeography Climatology/Meteorology Conservation, Land Use, Resource Management Energy Environmental Studies GIS GIS Certificate Program Hazards Medical Geography Physical Geography/General Planning (Regional/Urban) Quantitative Methods Remote Sensing Water Resources",https://clas.uiowa.edu/geography/
KS,Kansas State University,,Department of Geography and Geospatial Sciences,College of Arts and Sciences ,x,,,,x,x,,x,x,,,,,"Biogeography Cartography Conservation, Land Use, Resource Management Cultural Geography Environmental Studies Geomorphology GIS GIS Certificate Program Medical Geography Physical Geography/General Political Ecology Remote Sensing Rural Geography Water Resources",https://www.k-state.edu/geography/academics/index.html
KS,University of Kansas,,Department of Geography and Atmospheric Science,School of Liberal Arts and Sciences,x,,,,x,x,x,x,x,,,,,,https://geog.ku.edu/
KY,University of Louisville,,Department of Geography and Geosciences,College of Arts and Sciences,x,,,,x,,x,,,,,,,"Agricultural Geography Applied Geography Cartography Climatology/Meteorology Conservation, Land Use, Resource Management Cultural Geography Environmental Studies Geographic Education Geographic Thought Geomorphology GIS GIS Certificate Program Hazards Historical Geography Medical Geography Physical Geography/General Political Geography Quantitative Methods Remote Sensing Social Geography Transportation and Communication Urban Geography Water Resources",http://louisville.edu/geogeo/
KY,University of Kentucky,,Department of Geography,College of Arts and Sciences,x,x,,,x,x,,x,x,,,,,Agricultural Geography Biogeography Cartography Climatology/Meteorology Cultural Geography Distance/Online Degree Program Economic Development Economic Geography Environmental Studies Gender Geographic Thought Geomorphology GIS GIS Certificate Program Historical Geography Medical Geography Physical Geography/General Planning (Regional/Urban) Political Geography Population Geography Quantitative Methods Remote Sensing Social Geography Urban Geography,https://geography.as.uky.edu/geography-research-clusters
LA,Louisiana State University,,Department of Geography and Anthropology,College of Humanities and Social Sciences,x,,,,x,x,x,,x,,,,,Applied Geography Cartography Climatology/Meteorology Cultural Ecology Cultural Geography Economic Development Economic Geography Environmental Studies Geographic Thought Geomorphology GIS GIS Certification Program Hazards Historical Geography Location Theory Medical Geography Physical Geography/General Planning (Regional/Urban) Political Ecology Political Geography Population Geography Quantitative Methods Regional Development Remote Sensing Social Geography Transportation and Communication Urban Geography Water Resources,https://www.lsu.edu/ga/index.php
ME,University of Maine at Farmington,,Department of Geography and Environmental Planning,,x,,,,,x,,,,,,,,,https://www.umf.maine.edu/academics/programs/geography/
ME,University of Southern Maine,Geography Anthropology,Department of Geography-Anthropology,College of Management and Human Services,x,,,,,x,,,,,x,,,,https://usm.maine.edu/geography-anthropology/geography-anthropology-programs-2021-2022-catalog
MD,Salisbury University,,Department of Geography and Geosciences,Henson School of Science and Technology,x,,,,x,,,,,,,,,"Applied Geography Cartography Climatology/Meteorology Conservation, Land Use, Resource Management Distance/Online Degree Program Economic Geography Environmental Studies Geomorphology GIS Physical Geography/General Planning (Regional/Urban) Political Geography Quantitative Methods Remote Sensing Urban Geography Water Resources",https://www.salisbury.edu/academic-offices/science-and-technology/geography-and-geosciences/
MD,Towson University,,Department of Geography and Environmental Planning,College of Liberal Arts,x,,,,,,,,,,,,,Applied Geography Climatology/Meteorology Cultural Geography Economic Development Environmental Studies Gender Geomorphology GIS Hazards Medical Geography Physical Geography/General Planning (Regional/Urban) Political Geography Population Geography Quantitative Methods Recreation and Tourism Remote Sensing Urban Geography,https://www.towson.edu/cla/departments/geography/
MD,"University of Maryland, Baltimore County ",,Department of Geography and Environmental Systems,"College of Arts, Humanities, and Social Sciences",x,,,,x,x,x, ,x,,x,x,x,"Agricultural Geography Biogeography Cartography Climatology/Meteorology Conservation, Land Use, Resource Management Cultural Ecology Cultural Geography Economic Geography Environmental Studies Geographic Thought Geomorphology GIS GIS Certificate Program Hazards Physical Geography/General Planning (Regional/Urban) Political Ecology Political Geography Population Geography Remote Sensing Social Geography Urban Geography Water Resources",https://ges.umbc.edu/
MD,Montgomery College,Applied Geography,,,,,,x,,,,,,,,,,,https://www.montgomerycollege.edu/academics/programs/applied-geography/index.html
MD,George Washington University,,Department of Geography,Columbian College of Arts and Sciences,x,x,,,,x,x,,,,,,,,https://geography.columbian.gwu.edu/
MA,Westfield State University,,"Department of Geography, Planning, and Sustainability","College of Arts, Humanities, and Social Sciences",x,,,,x,,,,,,x,,,Environmental Studies GIS GIS Certificate Program Physical Geography/General Planning (Regional/Urban) Political Ecology Quantitative Methods Recreation and Tourism Urban Geography,https://www.westfield.ma.edu/academics/degrees/geography-regional-planning-degree-part-time
MA,University of Massachusetts Amherst,,Department of Geosciences,College of Natural Sciences,,,,,x,x,x,,,,,,,Climatology/Meteorology Environmental Studies Geographic Education GIS Political Ecology,http://www.geo.umass.edu/
MA,Worcester State University,,"Department of Earth, Environment and Physics","School of Education, Health, and Natural Sciences",,,,,x,,,,,,,,,Climatology/Meteorology Cultural Geography Environmental Studies Geographic Education Geomorphology GIS Remote Sensing Urban Geography,https://www.worcester.edu/Earth-Environment-and-Physics/
MA,Clark University,,Graduate School of Geography,School of Arts and Sciences ,x,x,,,,x,,,x,,,,,"Agricultural Geography Applied Geography Biogeography Conservation, Land Use, Resource Management Cultural Ecology Economic Development Economic Geography Energy Environmental Studies Gender Geographic Thought GIS Hazards Physical Geography/General Planning (Regional/Urban) Political Ecology Political Geography Quantitative Methods Regional Development Remote Sensing Urban Geography Water Resources",https://www.clarku.edu/departments/geography/
MA,Salem State University,,Department of Geography and Sustainability,College of Arts and Sciences,x,,,,x,x,,,,,x,,,"Biogeography Cartography Climatology/Meteorology Conservation, Land Use, Resource Management Cultural Geography Economic Development Economic Geography Energy Environmental Studies GIS GIS Certification Program Physical Geography/General Planning (Regional/Urban) Quantitative Methods Regional Development Recreation and Tourism Remote Sensing Transportation and Communication Urban Geography",https://www.salemstate.edu/academics/college-arts-and-sciences/geography-and-sustainability
MA,Bridgewater State University,,Department of Geography,Bartlett College of Science and Mathematics,x,x,,,x,x,,,,,,,,,https://www.bridgew.edu/department/geography
MI,Central Michigan University,,Department of Geography and Environmental Studies,College of Science and Engineering,x,,,,x,x,,,,,,,,"Applied Geography Biogeography Cartography Climatology/Meteorology Conservation, Land Use, Resource Management Cultural Geography Distance/Online Degree Program Economic Development Economic Geography Energy Environmental Studies Gender Geographic Education Geographic Thought Geomorphology GIS Historical Geography Location Theory Physical Geography/General Planning (Regional/Urban) Political Geography Population Geography Quantitative Methods Regional Development Remote Sensing Transportation and Communication Urban Geography Water Resources",https://www.cmich.edu/colleges/se/Geography/Undergraduate/Pages/default.aspx
MI,Saginaw Valley State University,,Department of Geography,College of Arts and Behavioral Sciences,x,x,,,,x,,,,,,,,"Agricultural Geography Applied Geography Biogeography Cartography Climatology/Meteorology Conservation, Land Use, Resource Management Cultural Ecology Cultural Geography Economic Geography Environmental Studies Gender Geographic Education Geographic Thought Geomorphology GIS GIS Certificate Program Hazards Historical Geography Location Theory Physical Geography/General Planning (Regional/Urban) Population Geography Quantitative Methods Remote Sensing Urban Geography Water Resources",https://www.svsu.edu/geography/
MI,Eastern Michigan University,,Department of Geography and Geology,College of Arts and Sciences,x,,,,x,,,,,,,,,Applied Geography Cartography Climatology/Meteorology Cultural Geography Economic Geography Environmental Studies Geographic Education Geographic Thought Geomorphology GIS GIS Certificate Program Historical Geography Planning (Regional/Urban) Recreation and Tourism Remote Sensing,https://www.emich.edu/geography-geology/programs/geography/index.php
MI,Michigan State University,,"Department of Geography, Environment, and Spatial Sciences",College of Social Science,x,,,,x,x,x,,x,,,,,Climatology/Meteorology Cultural Geography Economic Geography Geomorphology GIS GIS Certificate Program Medical Geography Physical Geography/General Remote Sensing Urban Geography,https://geo.msu.edu/index.html
MI,Grand Rapids Community College,,Department of Social Sciences,"Human Services, Education, and Social Sciences Academic Pathway", ,,x,,,,,,,,,,,,https://www.grcc.edu/programs/pregeography-aa-general-transfer
MI,Western Michigan University,,"Department of Geography, Environment, and Tourism",College of Arts and Sciences,x,,,,x,,x,,,,,,,"Agricultural Geography Applied Geography Biogeography Climatology/Meteorology Conservation, Land Use, Resource Management Cultural Geography Economic Geography Environmental Studies Geographic Education GIS GIS Certificate Program Hazards Historical Geography Location Theory Medical Geography Physical Geography/General Planning (Regional/Urban) Population Geography Quantitative Methods Regional Development Recreation and Tourism Remote Sensing Transportation and Communication Urban Geography Water Resources",https://wmich.edu/geography/academics/undergraduate
MI,Calvin University,,"Department of Geology, Geography, and Environmental Studies","Science, Technology, Engineering and Mathematics",x,,,,,x,,,,,,,,Cartography Cultural Geography Environmental Studies Geographic Thought GIS GIS Certificate Program Physical Geography/General Urban Geography,https://calvin.edu/academics/departments-programs/geo/academics/geography
MN,"Minnesota State University, Mankato",,Department of Geography,College of Social and Behavioral Sciences,x,x,,,x,x,x,,,,,,,"Applied Geography Cartography Conservation, Land Use, Resource Management Cultural Geography Economic Geography Geomorphology GIS GIS Certificate Program Hazards Historical Geography Physical Geography/General Planning (Regional/Urban) Political Geography Population Geography Remote Sensing Rural Geography Social Geography Transportation and Communication Urban Geography",https://sbs.mnsu.edu/academics/geography
MN,Gustavus Adolphus College,,Department of Geography,,x,x,,,,x,,,,,,,,Agricultural Geography Climatology/Meteorology Energy Environmental Studies GIS Physical Geography/General Planning (Regional/Urban) Political Ecology Political Geography Urban Geography Water Resources,https://gustavus.edu/geography/
MN,Macalester College,,Department of Geography,,x,x,,,,,,,,,,,,"Agricultural Geography Cartography Conservation, Land Use, Resource Management Economic Geography Environmental Studies GIS Hazards Medical Geography Political Ecology Political Geography Population Geography Quantitative Methods Remote Sensing Rural Geography Transportation and Communication Urban Geography",https://www.macalester.edu/geography/
MN,"University of Minnesota, Twin Cities",,"Department of Geography, Environment and Society",College of Liberal Arts,x,,,,x,x,,x,x,,,,,Biogeography Cartography Climatology/Meteorology Cultural Geography Economic Geography Environmental Studies Gender Geographic Thought GIS Medical Geography Physical Geography/General Planning (Regional/Urban) Political Ecology Political Geography Population Geography Quantitative Methods Recreation and Tourism Social Geography Transportation and Communication Urban Geography,https://cla.umn.edu/geography
MN,St. Cloud State University,,Department of Geography and Planning,School of Public Affairs,x,,,,x,x,,,,,,,,Biogeography Cartography Cultural Geography Economic Development Economic Geography Geomorphology GIS GIS Certificate Program Historical Geography Physical Geography/General Planning (Regional/Urban) Political Ecology Political Geography Regional Development Recreation and Tourism Remote Sensing Social Geography,https://catalog.stcloudstate.edu/~/Catalog/ViewCatalog.aspx?pageid=viewcatalog&catalogid=7&topicgroupid=1675
MN,Itasca Community College,Geography and GIS, ,,,,x,,,,,,,,,,,,https://www.itascacc.edu/gis#programs
MS,University of Southern Mississippi,Geography,,"School of Biological, Environmental, and Earth Sciences",,,,,x,,x,,,,,,,,https://www.usm.edu/biological-environmental-earth-sciences/#our-programs-list
MO,Missouri State University,,"Department of Geography, Geology, and Planning",College of Natural and Applied Sciences,x,,,,x,x,,,,,,,,"Agricultural Geography Applied Geography Cartography Climatology/Meteorology Conservation, Land Use, Resource Management Cultural Geography Distance/Online Degree Program Economic Geography Environmental Studies Geomorphology GIS GIS Certificate Program Historical Geography Physical Geography/General Planning (Regional/Urban) Remote Sensing Rural Geography Urban Geography Water Resources",https://geosciences.missouristate.edu/Geography/
MO,"University of Missouri, Columbia",,Department of Geography,College of Arts and Science,x,x,,,,x,,x,,,,,,"Biogeography Cartography Climatology/Meteorology Conservation, Land Use, Resource Management Cultural Ecology Cultural Geography Environmental Studies Geographic Education Geographic Thought Geomorphology GIS GIS Certificate Program Historical Geography Location Theory Physical Geography/General Planning (Regional/Urban) Political Ecology Population Geography Quantitative Methods Recreation and Tourism Remote Sensing Rural Geography Social Geography Transportation and Communication Urban Geography Water Resources",https://geography.missouri.edu/
MO,Northwest Missouri State University,,Department of Humanities and Social Sciences,,,,,,x,x,,,,,,,,"Cartography Climatology/Meteorology Conservation, Land Use, Resource Management Cultural Geography Distance/Online Degree Program Economic Geography GIS GIS Certificate Program Hazards Physical Geography/General Political Geography Quantitative Methods Remote Sensing Urban Geography",http://www.nwmissouri.edu/socialsciences/programs/index.htm
MT,University of Montana,,Department of Geography,W.A. Franke College of Forestry and ConservationGeography,x,x,,,x,x,x,,,,,,,"Climatology/Meteorology Conservation, Land Use, Resource Management Economic Development Economic Geography Environmental Studies Gender Geographic Thought Geomorphology GIS GIS Certificate Program Hazards Location Theory Physical Geography/General Planning (Regional/Urban) Political Ecology Population Geography Quantitative Methods Regional Development Recreation and Tourism Remote Sensing Rural Geography Transportation and Communication Urban Geography Water Resources",https://www.cfc.umt.edu/geography/
NE,"University of Nebraska, Omaha",,Department of Geography and Geology,College of Arts and Sciences,x,,,,x,,x,,,,,,,"Agricultural Geography Biogeography Cartography Climatology/Meteorology Conservation, Land Use, Resource Management Economic Geography Environmental Studies Gender Geographic Education GIS GIS Certificate Program Hazards Physical Geography/General Planning (Regional/Urban) Political Ecology Political Geography Quantitative Methods Remote Sensing Urban Geography Water Resources",https://www.unomaha.edu/college-of-arts-and-sciences/geography/index.php
NE,"University of Nebraska, Lincoln",,Department of Geography,"College of Arts and Sciences
",x,x,,,x,x,,x,x,,,,,"Cartography Climatology/Meteorology Conservation, Land Use, Resource Management Cultural Geography Economic Geography Energy Environmental Studies Gender Geomorphology GIS GIS Certificate Program Historical Geography Medical Geography Physical Geography/General Planning (Regional/Urban) Political Geography Population Geography Quantitative Methods Regional Development Recreation and Tourism Remote Sensing Rural Geography Urban Geography Water Resources",https://www.unl.edu/gradstudies/department/geography
NV,"University of Nevada, Reno",,Department of Geography,College of Science,x,x,,,x,x,x,,x,,,,,"Applied Geography Biogeography Climatology/Meteorology Conservation, Land Use, Resource Management Cultural Geography Economic Geography Energy Environmental Studies Gender Geographic Education GIS Hazards Historical Geography Physical Geography/General Planning (Regional/Urban) Political Ecology Political Geography Quantitative Methods Remote Sensing Rural Geography Social Geography Transportation and Communication Urban Geography Water Resources",https://www.unr.edu/geography/
NH,University of New Hampshire,,Department of Geography,College of Liberal Arts,x,x,,,,x,,,,,,,,Climatology/Meteorology  Economic Geography  Geomorphology  GIS  Hazards  Physical Geography/General  Political Ecology  Political Geography  Population Geography  Remote Sensing,https://cola.unh.edu/geography
NH,Plymouth State University,,Department of Social Science,,,,,,x,,,,,,x,,,Environmental Studies GIS GIS Certificate Program Recreation and Tourism,https://coursecatalog.plymouth.edu/undergraduate-courses/ge/
NH,Dartmouth College,,Department of Geography,,x,x,,,,x,,,,,,,,"Climatology/Meteorology Conservation, Land Use, Resource Management Cultural Geography Economic Geography Gender GIS Medical Geography Physical Geography/General Political Ecology Political Geography Population Geography Quantitative Methods Regional Development Rural Geography Social Geography Urban Geography Water Resources",https://geography.dartmouth.edu/
NJ,Rutgers University,,Department of Geography,School of Arts and Sciences,x,x,,,,x,x,x,x,,,,,"Agricultural Geography Applied Geography Biogeography Cartography Climatology/Meteorology Conservation, Land Use, Resource Management Cultural Ecology Cultural Geography Economic Geography Environmental Studies Gender Geomorphology GIS GIS Certificate Program Hazards Physical Geography/General Planning (Regional/Urban) Political Ecology Political Geography Remote Sensing Urban Geography Water Resources",https://geography.rutgers.edu/
NJ,Rowan University,,"Department of Geography, Planning and Sustainability",School of Earth and Environment,x,,,,,x,,,,,,,,"Conservation, Land Use, Resource Management Cultural Geography Environmental Studies Geographic Education GIS GIS Certificate Program Planning (Regional/Urban) Remote Sensing Transportation and Communication Urban Geography Water Resources",https://earth.rowan.edu/departments/geography/academics/geog.html
NM,New Mexico State University,,Department of Geography,College of Arts and Sciences,x,x,,,x,,,x,x,,,,,"Applied Geography Biogeography Cartography Climatology/Meteorology Conservation, Land Use, Resource Management Cultural Ecology Cultural Geography Economic Geography Geographic Thought Geomorphology GIS Physical Geography/General Remote Sensing Social Geography Urban Geography Water Resources",https://geography.nmsu.edu/masters-program/MAG%20Degree%20Requirements.html
NM,University of New Mexico,,Department of Geography and Environmental Studies,College of Arts and Sciences,x,,,,x,x,x,,x,,,,,"Conservation, Land Use, Resource Management Environmental Studies GIS Political Ecology Quantitative Methods Remote Sensing Water Resources",https://geographyphdnmsu.unm.edu/
NY ,"State University of New York, Buffalo State",,Department of Geography and Planning,School of Arts and Sciences,x,,,,x,x,,,,,,,,"Biogeography Climatology/Meteorology Conservation, Land Use, Resource Management Economic Development Economic Geography Environmental Studies Geomorphology GIS GIS Certificate Program Physical Geography/General Planning (Regional/Urban) Quantitative Methods Regional Development Remote Sensing Urban Geography Water Resources",https://geography.buffalostate.edu/programs
NY,"University at Buffalo, State University of New York",,Department of Geography,College of Arts and Sciences,x,x,,,,x,,x,x,,,,,Biogeography Cartography Climatology/Meteorology Economic Development Economic Geography Geomorphology GIS GIS Certificate Program Medical Geography Physical Geography/General Quantitative Methods Regional Development Remote Sensing Urban Geography Water Resources,https://www.buffalo.edu/cas/geography.html
NY,"Monroe Community College, State University of New York",,Department of Chemistry and Geosciences,,,,,x,,,,,,,,,,Distance/Online Degree Program GIS GIS Certificate Program,https://www.monroecc.edu/depts/geography/
NY,"State University of New York, College at Geneseo",,Department of Geography,,x,x,,,,x,,,,,,,,"Applied Geography Biogeography Cartography Climatology/Meteorology Conservation, Land Use, Resource Management Cultural Geography Economic Development Environmental Studies Geographic Thought GIS Historical Geography Physical Geography/General Planning (Regional/Urban) Political Geography Quantitative Methods Regional Development Social Geography Urban Geography",https://www.geneseo.edu/geography
NY,Syracuse University,,Department of Geography and the Environment,Maxwell School of Citizenship and Public Affairs,x,,,,,x,,x,x,,,,,Applied Geography Biogeography Cartography Climatology/Meteorology Cultural Geography Economic Development Economic Geography Energy Environmental Studies Gender Geomorphology GIS GIS Certificate Program Hazards Historical Geography Physical Geography/General Political Ecology Political Geography Quantitative Methods Remote Sensing Urban Geography Water Resources,https://www.maxwell.syr.edu/geography-and-the-environment/
NY,Colgate University,,Department of Geography,Division of Social Sciences,x,x,,,,x,,,,,,,,Applied Geography Cartography Economic Geography Environmental Studies Geographic Education Geographic Thought GIS Hazards Medical Geography Population Geography Quantitative Methods Remote Sensing Rural Geography Social Geography Urban Geography,https://www.colgate.edu/academics/departments-programs/department-geography
NY,"University at Albany, State University of New York",,Department of Geography and Planning,College of Arts and Sciences,x,,,,,x,,x,,,,,,"Applied Geography Cartography Climatology/Meteorology Conservation, Land Use, Resource Management Cultural Ecology Cultural Geography Economic Geography Environmental Studies Geographic Education Geographic Thought GIS GIS Certificate Program Hazards Historical Geography Physical Geography/General Planning (Regional/Urban) Political Geography Population Geography Regional Development Remote Sensing Rural Geography Social Geography Transportation and Communication Urban Geography Water Resources",https://www.albany.edu/geographyplanning
NY,"Binghamton University, State University of New York",,Department of Geography,Harpur College of Arts and Sciences,x,x,,,,x,,x,,,,,,"Applied Geography Conservation, Land Use, Resource Management Cultural Geography Distance/Online Degree Program Economic Development GIS GIS Certificate Program Hazards Medical Geography Planning (Regional/Urban) Quantitative Methods Remote Sensing Social Geography Transportation and Communication Urban Geography Water Resources",https://www.binghamton.edu/geography/
NY,United States Military Academy,,Department of Geography and Environmental Engineering,,x,,,,x,,,,,,,,,Applied Geography Cartography GIS GIS Certificate Program Physical Geography/General Remote Sensing Water Resources,https://www.westpoint.edu/academics/academic-departments/geography-and-environmental-engineering
NY,"Lehman College, City University of New York",,"Department of Earth, Environmental and Geospatial Sciences",School of Natural and Social Sciences,,,,,,x,,,,,,,,"Applied Geography Biogeography Cartography Conservation, Land Use, Resource Management Geomorphology GIS GIS Certificate Program Hazards Historical Geography Medical Geography Planning (Regional/Urban) Population Geography Quantitative Methods Remote Sensing Urban Geography Water Resources",http://lehman.smartcatalogiq.com/2019-2021/Undergraduate-Bulletin/Academic-Departments-and-Programs/Earth-Environmental-and-Geospatial-Sciences/Geography-B-A-28-Credit-Major
NY,"Hunter College, CUNY",,Department of Geography and Environmental Science,School of Arts and Sciences,x,,,,,x,,x,,,,,,Cartography Cultural Geography Environmental Studies Geographic Education GIS GIS Certificate Program Physical Geography/General Population Geography Quantitative Methods Remote Sensing Social Geography Urban Geography,http://www.geo.hunter.cuny.edu/
NY,"College of Staten Island, CUNY",,Department of Political Science and Global Affairs,Division of Humanities and Social Sciences,,,,,,x,,,,,,,,,https://csicuny.smartcatalogiq.com/en/Current/Undergraduate-Catalog/Divisions-Schools-Departments-and-Programs/Division-of-Humanities-and-Social-Sciences/Department-of-Political-Science-and-Global-Affairs/Geography/Geography-BA
NY,Hofstra University,,Department of Global Studies and Geography,Hofstra College of Liberal Arts and Sciences, x,,,,,x,,,,,,,,Cartography Cultural Geography Economic Geography GIS Medical Geography Political Geography Population Geography Transportation and Communication Urban Geography,https://www.hofstra.edu/global-studies-geography/geography-major-ba.html
NC,East Carolina University,,"Department of Geography, Planning and Environment",Thomas Harriot College of Arts and Sciences,x,,,,x,,x,,,,,,,Applied Geography Cultural Geography Geomorphology GIS GIS Certificate Program Physical Geography/General Planning (Regional/Urban) Remote Sensing,https://geography.ecu.edu/home/degree-programs/
NC,North Carolina Central University,,"Department of Environmental, Earth and Geospatial Sciences",College of Health and Sciences,,,,,x,,,,,,x,,,,https://www.nccu.edu/chs/environmental-earth-and-geospatial-sciences#undergraduate-programs
NC,University of North Carolina at Chapel Hill,,Department of Geography,College of Arts and Sciences,x,x,,,,x,,x,x,,,,,"Biogeography Climatology/Meteorology Conservation, Land Use, Resource Management Cultural Ecology Cultural Geography Environmental Studies Gender Geographic Thought Geomorphology GIS GIS Certificate Program Medical Geography Physical Geography/General Political Ecology Political Geography Population Geography Quantitative Methods Remote Sensing Social Geography Urban Geography",https://geography.unc.edu/
NC,University of North Carolina at Greensboro,,"Department of Geography, Environment, and Sustainability",College of Arts and Sciences,x,,,,x,x,,x,x,,,,,"Applied Geography Biogeography Cartography Climatology/Meteorology Conservation, Land Use, Resource Management Distance/Online Degree Program Economic Geography Energy Environmental Studies Geomorphology GIS GIS Certificate Program Planning (Regional/Urban) Political Geography Quantitative Methods Recreation and Tourism Remote Sensing Transportation and Communication Urban Geography Water Resources",https://ges.uncg.edu/
NC,Appalachian State University,,Department of Geography and Planning,College of Arts and Sciences,x,,,,x,x,,x,,,,,,,https://geo.appstate.edu/
NC,University of North Carolina at Charlotte,,Department of Geography and Earth Sciences,College of Liberal Arts and Sciences,x,,,,x,x,,x,x,,,,,Applied Geography Climatology/Meteorology Economic Geography Environmental Studies Geomorphology GIS Certificate Program Medical Geography Physical Geography/General Planning (Regional/Urban) Quantitative Methods Urban Geography Water Resources,https://geoearth.uncc.edu/undergraduate-programs/geography
ND,University of North Dakota,,Department of Geography and Geographic Information Science,College of Arts and Sciences,x,,,,x,,,x,,,,,,"Applied Geography Biogeography Conservation, Land Use, Resource Management Economic Geography Environmental Studies Geographic Education Geomorphology GIS GIS Certificate Program Historical Geography Physical Geography/General Planning (Regional/Urban) Remote Sensing Water Resources",https://arts-sciences.und.edu/academics/geography/
OH,Kent State University,,Department of Geography,College of Arts and Sciences,x,x,,,,x,,x,x,,,,,"Applied Geography Biogeography Climatology/Meteorology Conservation, Land Use, Resource Management Environmental Studies Geographic Thought GIS Hazards Medical Geography Physical Geography/General Planning (Regional/Urban) Political Geography Population Geography Remote Sensing Urban Geography",https://www.kent.edu/geography
OH,Ohio University,,Department of Geography,College of Arts and Sciences,x,x,,,x,x,x,x,,,,,,"Biogeography Cartography Climatology/Meteorology Conservation, Land Use, Resource Management Cultural Ecology Cultural Geography Distance/Online Degree Program Economic Development Economic Geography Environmental Studies Gender Geographic Thought Geomorphology GIS GIS Certificate Program Historical Geography Physical Geography/General Planning (Regional/Urban) Political Ecology Political Geography Population Geography Regional Development Social Geography Urban Geography",https://www.ohio.edu/cas/geography/graduate/masters-ms
OH,Ohio State University,,Department of Geography,College of Arts and Sciences,x,x,,,x,x,,x,x,,,,,"Applied Geography Cartography Climatology/Meteorology Conservation, Land Use, Resource Management Cultural Ecology Economic Development Economic Geography Energy Environmental Studies Gender Geographic Thought GIS GIS Certificate Program Medical Geography Physical Geography/General Political Ecology Political Geography Population Geography Quantitative Methods Remote Sensing Social Geography Transportation and Communication Urban Geography",https://geography.osu.edu/
OH,Ohio Wesleyan University,,Department of Environment and Sustainability,,,,,,,x,,,,,,,,Cartography Climatology/Meteorology Cultural Geography Economic Geography Energy Environmental Studies GIS Hazards Physical Geography/General Urban Geography,https://www.owu.edu/academics/departments-programs/department-of-environment-sustainability/geography-major/
OH,Sinclair College,Geography,,"Division of Liberal Arts, Communication and Social Sciences",,,x,,,,,,,,,,,,https://www.sinclair.edu/academics/divisions/lcs/geo/
OH,Miami University of Ohio,,Department of Geography,College of Arts and Science,x,x,,,,x,,x,,,,,,"Conservation, Land Use, Resource Management Cultural Ecology Cultural Geography Economic Development Economic Geography Environmental Studies Gender Geographic Thought Geomorphology GIS GIS Certificate Program Hazards Physical Geography/General Planning (Regional/Urban) Political Ecology Political Geography Population Geography Quantitative Methods Remote Sensing Social Geography Transportation and Communication Urban Geography Water Resources",http://www.miamioh.edu/cas/academics/departments/geography/academics/
OH,University of Cincinnati,,Department of Geography and GIS,College of Arts and Sciences,x,,,,x,x,,x,x,,,,,"Biogeography Conservation, Land Use, Resource Management Cultural Ecology Economic Development Economic Geography Environmental Studies Geomorphology GIS GIS Certificate Program Location Theory Medical Geography Physical Geography/General Quantitative Methods Regional Development Remote Sensing Transportation and Communication Urban Geography Water Resources",https://www.artsci.uc.edu/departments/geography/about-the-department.html
OH,Owens Community College,,Department of Social and Behavioral Sciences,School of Liberal Arts,,,x,,,,,,,,,,,Cultural Geography GIS Physical Geography/General,https://www.owens.edu/academics/program/geography-concentration.html
OH,University of Toledo,,Department of Geography and Planning,College of Arts and Letters,x,,,,,x,,x,x,,,,,"Conservation, Land Use, Resource Management Cultural Geography Economic Development Economic Geography Environmental Studies Gender Geographic Education Geographic Thought GIS GIS Certificate Program Hazards Historical Geography Location Theory Medical Geography Physical Geography/General Planning (Regional/Urban) Political Geography Quantitative Methods Regional Development Remote Sensing Transportation and Communication Urban Geography Water Resources",https://www.utoledo.edu/Programs/undergrad/Geography-and-Planning
OK,Northeastern State University,,Department of Geography and Political Science,College of Liberal Arts,x,,,,,x,,,,,,,,"Biogeography, Climatology/Meteorology, Cultural Ecology, Cultural Geography, Distance/Online Degree Program, Environmental Studies, GIS, GIS Certificate Program, Hazards, Physical Geography (General), Political Ecology, Urban Geography, Water Resources",https://academics.nsuok.edu/Geography/default.aspx
OK,Oklahoma State University,,Department of Geography,College of Arts and Sciences,x,x,,,x,x,x,,x,,,,,"Agricultural Geography Biogeography Cartography Conservation, Land Use, Resource Management Cultural Ecology Cultural Geography Economic Development Environmental Studies GIS GIS Certificate Program Historical Geography Political Ecology Political Geography Quantitative Methods Remote Sensing Transportation and Communication",https://geog.okstate.edu/
OK,University of Central Oklahoma,,Department of History and Geography,College of Liberal Arts,x,,,,,x,,,,,,,,"Applied Geography Biogeography Cartography Climatology/Meteorology Conservation, Land Use, Resource Management Cultural Geography Economic Development Economic Geography Energy Environmental Studies Gender Geomorphology GIS Certificate Program Historical Geography Planning (Regional/Urban) Political Ecology Political Geography Quantitative Methods Recreation and Tourism Remote Sensing Transportation and Communication Urban Geography Water Resources",https://www.uco.edu/cla/departments/history-geography/degree-programs
OK,University of Oklahoma,,Department of Geography and Enviromental Sustainability,College of Atmospheric and Geographic Sciences,x,,,,x,x,x,,x,,,x,x,Applied Geography Biogeography Climatology/Meteorology Distance/Online Degree Program Economic Geography Energy Environmental Studies Geographic Education Geographic Thought GIS Certificate Program Political Geography Quantitative Methods Remote Sensing Urban Geography Water Resources,https://www.ou.edu/ags/geography/degree-programs
OR,Portland State University,,Department of Geography,College of Liberal Arts and Sciences,x,x,,,x,x,x,x,,,,,,"Biogeography Cartography Climatology/Meteorology Conservation, Land Use, Resource Management Cultural Ecology Cultural Geography Environmental Studies Gender Geographic Education Geographic Thought Geomorphology GIS GIS Certificate Program Physical Geography/General Political Ecology Quantitative Methods Remote Sensing Urban Geography Water Resources",https://www.pdx.edu/geography/masters-degrees
OR,Chemeketa Community College,Geography,,Social Science Division,,,x,,,,,,,,,,,"Climatology/Meteorology Conservation, Land Use, Resource Management Cultural Geography Distance/Online Degree Program Economic Geography Geographic Education Geomorphology Hazards Physical Geography/General Water Resources",https://www.chemeketa.edu/programs-classes/program-finder/geography/
OR,Oregon State University,Geography,,"College of Earth, Ocean and Atmospheric Sciences",,,,,x,,x,,x,,,,,"Applied Geography Biogeography Cartography Climatology/Meteorology Conservation, Land Use, Resource Management Cultural Ecology Distance/Online Degree Program Environmental Studies Geomorphology GIS GIS Certificate Program Hazards Location Theory Physical Geography/General Planning (Regional/Urban) Quantitative Methods Remote Sensing Rural Geography Water Resources",https://ceoas.oregonstate.edu/geography-and-geospatial-science
OR,University of Oregon,,Department of Geography,College of Arts and Sciences,x,x,,,x,x,x,x,x,,,,,"Agricultural Geography Biogeography Cartography Climatology/Meteorology Conservation, Land Use, Resource Management Cultural Ecology Cultural Geography Economic Geography Environmental Studies Geographic Thought Geomorphology GIS Physical Geography/General Political Ecology Political Geography Quantitative Methods Recreation and Tourism Remote Sensing Urban Geography Water Resources",https://geography.uoregon.edu/graduate/
PA,Indiana University of Pennsylvania,,Department of Geography and Regional Planning,College of Humanities and Social Sciences,x,,,,,x,x,,,,x,,,,https://www.iup.edu/georegionalplan/undergrad/geography/geography-gis-ba/
PA,University of Pittsburgh at Johnstown,,Department of Geography,Social Sciences Division,x,x,,,,x,,,,,,,,Cartography Energy Environmental Studies GIS Physical Geography/General Planning (Regional/Urban) Political Geography Remote Sensing Urban Geography Water Resources,https://www.johnstown.pitt.edu/academics/majors-programs/social-sciences/geography
PA,Shippensburg University of Pennsylvania,,Department of Geography and Earth Science,College of Arts and Sciences,x,,,,x,,,,,,x,,,,https://www.ship.edu/academics/colleges/cas/programs/geo-ess/majors/
PA,Pennsylvania State University,,Department of Geography,College of Earth and Mineral Sciences,x,x,,,x,x,x,,x,,,,,"Agricultural Geography
Applied Geography
Biogeography
Cartography
Climatology/Meteorology
Conservation, Land Use, Resource Management
Cultural Ecology
Cultural Geography
Distance/Online Degree Program
Economic Development
Economic Geography
Energy
Environmental Studies
Gender
Geographic Education
Geographic Thought
GIS
GIS Certificate Program
Hazards
Location Theory
Medical Geography
Physical Geography/General
Planning (Regional/Urban)
Political Ecology
Political Geography
Population Geography
Quantitative Methods
Regional Development
Remote Sensing
Rural Geography
Social Geography
Urban Geography
Water Resources",https://www.geog.psu.edu/
PA,Kutztown University of Pennsylvania,,Department of Geography,College of Liberal Arts and Sciences,x,x,,,,x,,,,,,,,Cartography Climatology/Meteorology Cultural Geography Economic Geography GIS GIS Certificate Program Hazards Physical Geography/General Planning (Regional/Urban) Political Geography Remote Sensing Transportation and Communication,https://www.kutztown.edu/academics/colleges-and-departments/liberal-arts-and-sciences/departments/geography/program-and-course-information/bachelor-of-arts-in-geography.html
PA,West Chester University,,Department of Geography and Planning,College of Business and Public Management,x,,,,x,,x,,,,,,,,https://www.wcupa.edu/business-PublicManagement/geographyPlanning/
PA,Temple University,,Department of Geography and Urban Studies,College of Liberal Arts,x,,,,,x,,x,x,,x,,,"Cartography Climatology/Meteorology Conservation, Land Use, Resource Management Economic Development Economic Geography Environmental Studies Gender GIS GIS Certificate Program Hazards Medical Geography Planning (Regional/Urban) Population Geography Quantitative Methods Regional Development Recreation and Tourism Remote Sensing Social Geography Transportation and Communication Urban Geography Water Resources",https://liberalarts.temple.edu/academics/departments-and-programs/geography-and-urban-studies
PA,Villanova University,,Department of Geography and the Environment,College of Liberal Arts and Sciences,x,,,,,x,,,,,,,,"Climatology/Meteorology Conservation, Land Use, Resource Management Environmental Studies Geomorphology GIS Hazards Medical Geography Physical Geography/General Planning (Regional/Urban) Population Geography Remote Sensing Urban Geography Water Resources",https://www1.villanova.edu/university/liberal-arts-sciences/programs/geography-environment.html
SC,University of South Carolina,,Department of Geography,College of Arts and Sciences,x,x,,,x,x,x,x,x,,,,,Biogeography Climatology/Meteorology Cultural Geography Economic Development Economic Geography Energy Environmental Studies Geographic Education Geomorphology GIS Hazards Historical Geography Political Ecology Political Geography Remote Sensing Social Geography Urban Geography Water Resources,https://sc.edu/study/colleges_schools/artsandsciences/geography/index.php
SD,South Dakota State University,,Department of Geography and Geospatial Sciences,College of Natural Sciences,x,,,,x,x,x,,,,,,,Distance/Online Degree Program GIS GIS Certificate Program Physical Geography/General Political Geography Remote Sensing,https://www.sdstate.edu/geography-and-geospatial-sciences
TN,"University of Tennessee, Knoxville",,Department of Geography,College of Arts and Sciences,x,x,,,,x,x,,x,,,,,Biogeography Cultural Geography GIS Physical Geography/General Social Geography Transportation and Communication Urban Geography,https://geography.utk.edu/
TX,Texas Tech University,,Department of Geosciences,College of Arts and Sciences,,,,,,x,x,,,,,,,Climatology/Meteorology Cultural Geography Economic Geography Environmental Studies Geomorphology GIS Physical Geography/General Remote Sensing Social Geography Urban Geography,https://www.depts.ttu.edu/geosciences/geog/index.php
TX,Tarleton State University,,"Department of History, Sociology, Geography and GIS",College of Liberal and Fine Arts,x,,,,x,,,,,,x,,,Applied Geography Cartography GIS GIS Certificate Program Quantitative Methods Remote Sensing Urban Geography,https://www.tarleton.edu/hsgg/geography.html
TX,Texas Christian University,,Department of Geography,AddRan College of Liberal Arts,x,x,,,,x,,,,,,,,Cultural Geography Economic Geography Environmental Studies GIS Hazards Physical Geography/General Planning (Regional/Urban) Recreation and Tourism Urban Geography,https://addran.tcu.edu/geography/academics/majors-and-minors.php
TX,University of North Texas,,Department of Geography and the Environment,College of Liberal Arts and Social Sciences,x,,,,x,x,x,,,,,,,"Applied Geography Biogeography Conservation, Land Use, Resource Management Cultural Ecology Economic Development Economic Geography Energy Environmental Studies Geographic Thought Geomorphology GIS GIS Certificate Program Hazards Medical Geography Physical Geography/General Political Geography Quantitative Methods Remote Sensing Social Geography Water Resources",https://geography.unt.edu/
TX,Brookhaven College,Geography,,School of Law and Public Service,,,x,,,,,,,,,,,,https://www.dallascollege.edu/cd/credit/geography/bhc/pages/default.aspx
TX,Sam Houston State University,,Department of Environmental and Geosciences,College of Science and Engineering Technology,,,,,x,x,,,,,,,,"Biogeography, Cartography, Conservation, Land Use, Resource Management, Cultural Geography, Distance/Online Degree Program, Energy, Environmental Studies, Geographic Education, Geomorphology, GIS, GIS Certificate Program, Historical Geography, Medical Geography, Physical Geography (General), Recreation and Tourism, Remote Sensing, Social Geography, Transportation and Communication, Urban Geography, Water Resources",https://www.shsu.edu/programs/bachelor-degree-in-geography/index.html
TX,Texas A&M University,,Department of Geography,College of Geosciences,x,x,,,x,,x,,x,,,,,Distance/Online Degree Program Environmental Studies Geographic Education GIS GIS Certificate Program Physical Geography/General Quantitative Methods Remote Sensing Urban Geography Water Resources,https://geography.tamu.edu/
TX,Northwest Vista College,Geography and Environmental Sustainability, ,Division of Social Sciences,,,x,x,,,,,,x,,,,"Applied Geography Conservation, Land Use, Resource Management Cultural Geography Distance/Online Degree Program Environmental Studies Gender Physical Geography/General",https://www.alamo.edu/nvc/academics/programs/social-sciences/geography/
TX,University of Texas at San Antonio,,Department of Political Science and Geography,College of Liberal and Fine Arts,x,,,,,x,,,,,x,,,Cultural Geography Economic Geography Environmental Studies GIS Historical Geography Physical Geography/General Political Geography Social Geography Urban Geography,https://catalog.utsa.edu/undergraduate/liberalfinearts/politicalscienceandgeography/#degreestext
TX,San Antonio College,,Department of Geography,Humanities and Social Sciences Division,x,,x,,,,,,,,,,,,https://www.alamo.edu/nvc/academics/programs/social-sciences/geography/
TX,University of Texas at Austin,,Department of Geography and the Environment,College of Liberal Arts,x,,,,,x,,x,,,,,,"Agricultural Geography Biogeography Climatology/Meteorology Conservation, Land Use, Resource Management Cultural Ecology Cultural Geography Economic Development Environmental Studies Gender Geographic Thought Geomorphology GIS Hazards Historical Geography Location Theory Medical Geography Physical Geography/General Planning (Regional/Urban) Political Geography Population Geography Quantitative Methods Regional Development Remote Sensing Rural Geography Transportation and Communication Urban Geography Water Resources",https://liberalarts.utexas.edu/geography/
TX,"University of Houston, Clear Lake",,Department of Social and Cultural Sciences,College of Human Sciences and Humanities,,,,,x,,,,,,,,,,"https://www.uhcl.edu/human-sciences-humanities/departments/social-cultural-sciences/geography/#:~:text=Geography%20courses%20at%20the%20University,their%20cultural%20and%20natural%20environments."
TX,Houston Community College,Geography,,Social and Behavioral Sciences Area of Study,,,x,,,,,,,,,,,,https://learning.hccs.edu/programs/geography
UT,University of Utah,,Department of Geography,College of Social and Behavioral Science,x,x,,,x,x,x,,x,,,,,Biogeography Economic Geography Environmental Studies Geomorphology GIS GIS Certificate Program Hazards Medical Geography Physical Geography/General Population Geography Quantitative Methods Remote Sensing Urban Geography,https://geog.utah.edu/
UT,Utah State University ,,Department of Environment and Society,S.J. and Jessie E. Quinney College of Natural Resources, ,,,,x,,x,,,,,,,"Applied Geography Conservation, Land Use, Resource Management Cultural Ecology Cultural Geography Distance/Online Degree Program Environmental Studies GIS GIS Certificate Program Hazards Physical Geography/General Planning (Regional/Urban) Political Ecology Political Geography Quantitative Methods Recreation and Tourism Remote Sensing",
VT,Middlebury College,,Department of Geography,,x,x,,,,x,,,,,,,,,http://www.middlebury.edu/academics/geog
VT,University of Vermont,,Department of Geography,College of Arts and Sciences,x,x,,,,x,,,,,,,,"Biogeography Climatology/Meteorology Conservation, Land Use, Resource Management Cultural Ecology Environmental Studies Gender Geomorphology GIS Physical Geography/General Planning (Regional/Urban) Political Ecology Remote Sensing Rural Geography Social Geography Transportation and Communication Urban Geography Water Resources",https://www.uvm.edu/cas/geography
VA,George Mason University,,Department of Geography and Geoinformation Science,College of Science,x,,,,x,x,,,,,,,,,https://science.gmu.edu/academics/departments-units/geography-geoinformation-science
VA,James Madison University,,Department of Integrated Science and Technology,College of Integrated Science and Engineering,,,,,x,x,,,,,,,,,https://www.jmu.edu/gs/program/concentrations.shtml
VA,University of Mary Washington,,Department of Geography,College of Arts and Sciences,x,x,,,,x,,,,,,,,,https://cas.umw.edu/geography/programs/
VA,Virginia Tech,,Department of Geography,College of Natural Resources and Environment,x,x,,,,x,x,,,,,,,"Biogeography Cartography Climatology/Meteorology Conservation, Land Use, Resource Management Environmental Studies Gender Geomorphology GIS GIS Certificate Program Hazards Medical Geography Physical Geography/General Population Geography Quantitative Methods Remote Sensing Urban Geography Water Resources",https://geography.vt.edu/
VA,University of Richmond,,Department of Geography and the Environment,School of Arts and Sciences,x,,,,,x,,,,,,,,"Cartography Climatology/Meteorology Conservation, Land Use, Resource Management Economic Geography GIS Physical Geography/General Political Ecology Political Geography Remote Sensing",https://geography.richmond.edu/
VA,Old Dominion University,,Department of Political Science and Geography,College of Arts and Letters,x,,,,,x,,,,,,,,"Cartography Climatology/Meteorology Conservation, Land Use, Resource Management Cultural Geography Distance/Online Degree Program Environmental Studies Geographic Education GIS GIS Certificate Program Hazards Historical Geography Medical Geography Physical Geography/General Planning (Regional/Urban) Political Geography Remote Sensing Urban Geography",https://www.odu.edu/pols-geog/geography.html.html
WA,University of Washington,,Department of Geography,College of Arts and Sciences,x,x,,,,x,,x,x,,,,,,https://geography.washington.edu/
WV,Marshall University,,Department of Geography,College of Liberal Arts,x,x,,,x,x,x,x,,,,,,,https://www.marshall.edu/geography/
WV,West Virginia University,,Department of Geology and Geography,Eberly College of Arts and Sciences,x,,,,,x,,x,x,,,,,,https://www.geo.wvu.edu/home
WI,"University of Wisconsin, River Falls",,"Department of Politics, International Studies and Geography",College of Arts and Sciences,x,,,,x,x,,,,,,,,"Applied Geography, Cartography, Climatology/Meteorology, Cultural Geography, Economic Geography, GIS, GIS Certificate Program, Historical Geography, Physical Geography (General), Political Geography, Quantitative Methods, Remote Sensing, Urban Geography",https://www.uwrf.edu/programs/geography-and-geographic-information-science
WI,"University of Wisconsin, Eau Claire",,Department of Geography and Anthropology,College of Arts and Sciences,x,,,,x,x ,,,,,,,,"Applied Geography Biogeography Cartography Climatology/Meteorology Conservation, Land Use, Resource Management Cultural Geography Economic Geography Environmental Studies Geographic Thought Geomorphology GIS GIS Certificate Program Hazards Historical Geography Physical Geography/General Planning (Regional/Urban) Political Geography Quantitative Methods Recreation and Tourism Remote Sensing Rural Geography Urban Geography Water Resources",https://www.uwec.edu/academics/college-arts-sciences/departments-programs/geography-anthropology/
WI,"University of Wisconsin, La Crosse",,Department of Geography and Earth Science,College of Science and Health,x,,,,x,x ,,,,,,,,"Applied Geography Biogeography Cartography Climatology/Meteorology Conservation, Land Use, Resource Management Cultural Geography Economic Geography Environmental Studies Geographic Thought Geomorphology GIS Hazards Physical Geography/General Planning (Regional/Urban) Political Geography Population Geography Quantitative Methods Remote Sensing Transportation and Communication Urban Geography Water Resources",https://www.uwlax.edu/geography-and-earth-science/undergraduate-majorsminors/
WI,"University of Wisconsin, Madison",,Department of Geography,College of Letters and Science,x,x,,,x,x ,x,,x,,,,,,https://geography.wisc.edu/
WI,"University of Wisconsin, Whitewater",,"Department of Geography, Geology and Environmental Science",College of Letters and Sciences,x,,,,x,x ,,,,,,,,Cartography Climatology/Meteorology Cultural Ecology Economic Geography Environmental Studies GIS GIS Certificate Program Historical Geography Medical Geography Physical Geography/General Planning (Regional/Urban) Population Geography Remote Sensing Urban Geography Water Resources,https://www.uww.edu/cls/departments/geography-geology-env-sci
WI,"University of Wisconsin, Oshkosh",,Department of Geography,College of Letters and Science,x,x,,,x,x ,,,,,,,,Cultural Ecology Environmental Studies Gender Geographic Education GIS GIS Certificate Program Historical Geography Political Ecology Political Geography Population Geography Urban Geography Water Resources,https://uwosh.edu/bulletins/undergraduate-19-21/departments-and-majors/geography-urban-planning/
WI,"University of Wisconsin, Milwaukee",,Department of Geography,College of Letters and Science,x,x,,,x,x ,x,x,x,,,,,Biogeography Climatology/Meteorology Economic Geography Environmental Studies GIS GIS Certificate Program Political Ecology Remote Sensing Urban Geography,https://uwm.edu/geography/